/m/0100nn	"Fort Bliss"@en	"/wikipedia/en_title/Fort_Bliss"
/m/01012t	"Carmine"@en	"/wikipedia/en_title/Carmine$002C_Texas"
/m/0106f8	"West"@en	"/wikipedia/en_title/West$002C_Texas"
/m/010_8s	"Canton"@en	"/wikipedia/en_title/Canton$002C_Wisconsin"
/m/010bg8	"Brookshire"@en	"/wikipedia/en_title/Brookshire$002C_Texas"
/m/010bvf	"Shamrock"@en	"/wikipedia/en_title/Shamrock$002C_Texas"
/m/010d_k	"Clawson"@en	"/wikipedia/en_title/Clawson$002C_Utah"
/m/010h7d	"Torrey"@en	"/wikipedia/en_title/Torrey$002C_Utah"
/m/010j6s	"Underhill"@en	"/wikipedia/en_title/Underhill$002C_Vermont"
/m/010nnp	"Linton Hall"@en	"/wikipedia/en_title/Linton_Hall$002C_Virginia"
/m/010wx	"Aria Giovanni"@en	"/wikipedia/en_title/Aria_Giovanni"
/m/010xv6	"Bluefield"@en	"/wikipedia/en_title/Bluefield$002C_West_Virginia"
/m/010yc2	"Bruceton Mills"@en	"/wikipedia/en_title/Bruceton_Mills$002C_West_Virginia"
/m/0112xx	"South Lancaster"@en	"/wikipedia/en_title/South_Lancaster$002C_Wisconsin"
/m/0117vy	"Lorain"@en	"/wikipedia/en_title/Lorain$002C_Wisconsin"
/m/0118gx	"Bloom"@en	"/wikipedia/en_title/Bloom$002C_Wisconsin"
/m/011_jt	"George Pachymeres"@en	"/wikipedia/en_title/George_Pachymeres"
/m/011g54	"Red Butte"@en	"/wikipedia/en_title/Red_Butte$002C_Wyoming"
/m/011l84	"Lynette Chico"@en	"/wikipedia/en_title/Lynette_Chico"
/m/011q5n	"Fulton"@en	"/wikipedia/en_title/Fulton$002C_Oswego_County$002C_New_York"
/m/011q92	"Poland"@en	"/wikipedia/en_title/Poland$002C_Herkimer_County$002C_New_York"
/m/0123w2	"Cádiz"@en	"/wikipedia/en_title/Province_of_C$00E1diz"
/m/0128dg	"Rosenholm Municipality"@en	"/wikipedia/en_title/Rosenholm_Municipality"
/m/012ynr	"Conradin"@en	"/wikipedia/en_title/Conradin"
/m/0132sy	"Texas Guinan"@en	"/wikipedia/en_title/Texas_Guinan"
/m/0133ww	"Ludwig Bamberger"@en	"/wikipedia/en_title/Ludwig_Bamberger"
/m/013ddj	"Square Lake"@en	"/wikipedia/en_title/Square_Lake$002C_Maine"
/m/013ggn	"Mathiston"@en	"/wikipedia/en_title/Mathiston$002C_Mississippi"
/m/013l8h	"Oliver Springs"@en	"/wikipedia/en_title/Oliver_Springs$002C_Tennessee"
/m/013lt1	"Lytle"@en	"/wikipedia/en_title/Lytle$002C_Texas"
/m/013mx5	"Stamford"@en	"/wikipedia/en_title/Stamford$002C_Texas"
/m/013rvq	"Queen Anne-Marie of Greece"@en	"/wikipedia/en_title/Queen_Anne-Marie_of_Greece"
/m/01457t	"Wevelgem"@en	"/wikipedia/en_title/Wevelgem"
/m/01494p	"Gawsworth"@en	"/wikipedia/en_title/Gawsworth"
/m/014gq4	"Kalmthout"@en	"/wikipedia/en_title/Kalmthout"
/m/014jm	"Ahmed al-Nami"@en	"/wikipedia/en_title/Ahmed_al-Nami"
/m/014kx2	"King's X"@en	"/wikipedia/en_title/King$0027s_X"
/m/014t13	"Richard of Dover"@en	"/wikipedia/en_title/Richard_of_Dover"
/m/014vzx	"Adam Mickiewicz"@en	"/wikipedia/en_title/Adam_Mickiewicz"
/m/014xlw	"Book of the Dead"@en	"/wikipedia/en_title/Book_of_the_Dead"
/m/015_5p	"Cyrus Vance"@en	"/wikipedia/en_title/Cyrus_Vance"
/m/015fyd	"P. D. James"@en	"/wikipedia/en_title/P$002E_D$002E_James"
/m/015ghl	"Katie Hnida"@en	"/wikipedia/en_title/Katie_Hnida"
/m/015hrq	"Eunapius"@en	"/wikipedia/en_title/Eunapius"
/m/015p6f	"London Metropolitan University"@en	"/wikipedia/en_title/London_Metropolitan_University"
/m/015rn5	"Servius Sulpicius Rufus"@en	"/wikipedia/en_title/Servius_Sulpicius_Rufus"
/m/016dvh	"Peter and Gordon"@en	"/wikipedia/en_title/Peter_and_Gordon"
/m/016jgn	"Mark Wallinger"@en	"/wikipedia/en_title/Mark_Wallinger"
/m/016plk	"Oberspreewald-Lausitz"@en	"/wikipedia/en_title/Oberspreewald-Lausitz"
/m/016wsz	"Agatha Christie's Poirot"@en	"/wikipedia/en_title/Agatha_Christie$0027s_Poirot"
/m/0179y	"Bell Labs"@en	"/wikipedia/en_title/Bell_Labs"
/m/017_nw	"Polikarpov I-16"@en	"/wikipedia/en_title/Polikarpov_I-16"
/m/017fg7	"Donald Johanson"@en	"/wikipedia/en_title/Donald_Johanson"
/m/017k3g	"Holy Living and Holy Dying"@en	"/wikipedia/en_title/Holy_Living_and_Holy_Dying"
/m/0189rm	"Osen"@en	"/wikipedia/en_title/Osen"
/m/0189tw	"Røros"@en	"/wikipedia/en_title/R$00F8ros"
/m/018bcv	"Hattfjelldal"@en	"/wikipedia/en_title/Hattfjelldal"
/m/018gq3	"101 Dalmatians"@en	"/wikipedia/en_title/101_Dalmatians_$00281996_film$0029"
/m/018v_q	"Lee Remick"@en	"/wikipedia/en_title/Lee_Remick"
/m/0195zh	"Thomas of Celano"@en	"/wikipedia/en_title/Thomas_of_Celano"
/m/01972m	"T. Rex"@en	"/wikipedia/en_title/T$002E_Rex_$0028band$0029"
/m/019_dl	"Michael Bernays"@en	"/wikipedia/en_title/Michael_Bernays"
/m/019cn6	"Arnsberg"@en	"/wikipedia/en_title/Arnsberg"
/m/019hpc	"Eisuke Yoshiyuki"@en	"/wikipedia/en_title/Eisuke_Yoshiyuki"
/m/019q8d	"Jonatha Brooke"@en	"/wikipedia/en_title/Jonatha_Brooke"
/m/019v5v	"BSA"@en	"/wikipedia/en_title/BSA_$0028The_Software_Alliance$0029"
/m/01_1wd	"Communist Party of Bangladesh"@en	"/wikipedia/en_title/Communist_Party_of_Bangladesh"
/m/01_7_3	"GMB"@en	"/wikipedia/en_title/GMB_$0028trade_union$0029"
/m/01_9gm	"Electronic Industries Alliance"@en	"/wikipedia/en_title/Electronic_Industries_Alliance"
/m/01_gv9t	"Lacombe"@en	"/wikipedia/en_title/Lacombe$002C_Louisiana"
/m/01_ns8	"C. Z. Guest"@en	"/wikipedia/en_title/C$002E_Z$002E_Guest"
/m/01_rj3	"Pope John X"@en	"/wikipedia/en_title/Pope_John_X"
/m/01_vh6	"Mahuika crater"@en	"/wikipedia/en_title/Mahuika_crater"
/m/01_xqj	"Melissa George"@en	"/wikipedia/en_title/Melissa_George"
/m/01_yh0t	"Excelsior"@en	"/wikipedia/en_title/Excelsior$002C_Minnesota"
/m/01bbxt	"Nicholas Staggins"@en	"/wikipedia/en_title/Nicholas_Staggins"
/m/01bklk	"Ciudad del Carmen"@en	"/wikipedia/en_title/Ciudad_del_Carmen"
/m/01c89p	"Lucian Truscott"@en	"/wikipedia/en_title/Lucian_Truscott"
/m/01c_cs	"Angelo da Clareno"@en	"/wikipedia/en_title/Angelo_da_Clareno"
/m/01chsq	"Suiyuan Province"@en	"/wikipedia/en_title/Suiyuan_Province"
/m/01cjrr	"Geoffrey Keyes"@en	"/wikipedia/en_title/Geoffrey_Keyes"
/m/01cq8b	"Carl Zeiss"@en	"/wikipedia/en_title/Carl_Zeiss"
/m/01d9m2	"Andy McCoy"@en	"/wikipedia/en_title/Andy_McCoy"
/m/01dc4_	"Lamb Chop's Play-Along"@en	"/wikipedia/en_title/Lamb_Chop$0027s_Play-Along"
/m/01dhs5	"Dilton Doiley"@en	"/wikipedia/en_title/Dilton_Doiley"
/m/01dlbk	"Southcourt"@en	"/wikipedia/en_title/Southcourt"
/m/01dr3d	"Prince Frederick, Duke of York and Albany"@en	"/wikipedia/en_title/Prince_Frederick$002C_Duke_of_York_and_Albany"
/m/01dvfm	"A Plea for Captain John Brown"@en	"/wikipedia/en_title/A_Plea_for_Captain_John_Brown"
/m/01dywm	"Northern Ontario"@en	"/wikipedia/en_title/Northern_Ontario"
/m/01dz9x	"InMe"@en	"/wikipedia/en_title/InMe"
/m/01f2w0	"BBC One"@en	"/wikipedia/en_title/BBC_One"
/m/01fr3l	"South Shropshire"@en	"/wikipedia/en_title/South_Shropshire"
/m/01fsf5	"Green Bay"@en	"/wikipedia/en_title/Green_Bay_$0028Lake_Michigan$0029"
/m/01g40x	"Irish Houses of Parliament"@en	"/wikipedia/en_title/Irish_Houses_of_Parliament"
/m/01g5r_	"National Peasants' Party"@en	"/wikipedia/en_title/National_Peasants$0027_Party"
/m/01gn5m	"Lerdo, Durango"@en	"/wikipedia/en_title/Lerdo$002C_Durango"
/m/01h9d6	"Isola di San Michele"@en	"/wikipedia/en_title/Isola_di_San_Michele"
/m/01hh2r	"Friedrich Christoph Schlosser"@en	"/wikipedia/en_title/Friedrich_Christoph_Schlosser"
/m/01hpf6	"SNK Playmore"@en	"/wikipedia/en_title/SNK_Playmore"
/m/01ht6x	"Karelo-Finnish Soviet Socialist Republic"@en	"/wikipedia/en_title/Karelo-Finnish_Soviet_Socialist_Republic"
/m/01html	"Mahmoud Abbas"@en	"/wikipedia/en_title/Mahmoud_Abbas"
/m/01hx3gc	"Gear Daddies"@en	"/wikipedia/en_title/Gear_Daddies"
/m/01j3_g	"Amelia Bloomer"@en	"/wikipedia/en_title/Amelia_Bloomer"
/m/01j7qy	"Macrobius"@en	"/wikipedia/en_title/Macrobius"
/m/01j9cl	"Robert Creeley"@en	"/wikipedia/en_title/Robert_Creeley"
/m/01js3jl	"Brian Hughes"@en	"/wikipedia/en_title/Brian_Hughes_$0028musician$0029"
/m/01jt9xb	"Split Lip"@en	"/wikipedia/en_title/Split_Lip"
/m/01jv5g	"Lakeside School"@en	"/wikipedia/en_title/Lakeside_School"
/m/01jvqc	"Hubert Ashton Holden"@en	"/wikipedia/en_title/Hubert_Ashton_Holden"
/m/01k3nsl	"Beachbuggy"@en	"/wikipedia/en_title/Beachbuggy"
/m/01k3z2h	"Sarah Jane Morris"@en	"/wikipedia/en_title/Sarah_Jane_Morris_$0028singer$0029"
/m/01kd1d	"George Speight"@en	"/wikipedia/en_title/George_Speight"
/m/01kf3x	"Mullapudi Venkata Ramana"@en	"/wikipedia/en_title/Mullapudi_Venkata_Ramana"
/m/01kqqq	"Tooru Fujisawa"@en	"/wikipedia/en_title/Tooru_Fujisawa"
/m/01ktnp	"Eugene Merle Shoemaker"@en	"/wikipedia/en_title/Eugene_Merle_Shoemaker"
/m/01kx0hx	"David Morales"@en	"/wikipedia/en_title/David_Morales"
/m/01kx61	"Torness Nuclear Power Station"@en	"/wikipedia/en_title/Torness_Nuclear_Power_Station"
/m/01kyn0	"Corey Haim"@en	"/wikipedia/en_title/Corey_Haim"
/m/01l22f	"Frederick James Furnivall"@en	"/wikipedia/en_title/Frederick_James_Furnivall"
/m/01l6blh	"V*Enna"@en	"/wikipedia/en_title/V$002AEnna"
/m/01ldrb6	"The Exciters"@en	"/wikipedia/en_title/The_Exciters"
/m/01lg39	"Constans II"@en	"/wikipedia/en_title/Constans_II"
/m/01lhqh	"Roger Fisher"@en	"/wikipedia/en_title/Roger_Fisher_$0028academic$0029"
/m/01lk4d1	"Detroit Grand Pubahs"@en	"/wikipedia/en_title/Detroit_Grand_Pubahs"
/m/01lkvpb	"Bill Deraime"@en	"/wikipedia/en_title/Bill_Deraime"
/m/01lt05x	"The Tractors"@en	"/wikipedia/en_title/The_Tractors"
/m/01ltgy	"The Tragically Hip"@en	"/wikipedia/en_title/The_Tragically_Hip"
/m/01lx7ws	"Head East"@en	"/wikipedia/en_title/Head_East"
/m/01lxr4d	"Ancient Future"@en	"/wikipedia/en_title/Ancient_Future_$0028group$0029"
/m/01m06z	"The Day of the Jackal"@en	"/wikipedia/en_title/The_Day_of_the_Jackal"
/m/01m28zx	"Jean Guillou"@en	"/wikipedia/en_title/Jean_Guillou"
/m/01m2sq	"Abington"@en	"/wikipedia/en_title/Abington$002C_Massachusetts"
/m/01m6kg	"East Millinocket"@en	"/wikipedia/en_title/East_Millinocket$002C_Maine"
/m/01m6vd	"Anson"@en	"/wikipedia/en_title/Anson$002C_Maine"
/m/01mh6s8	"Colin Towns"@en	"/wikipedia/en_title/Colin_Towns"
/m/01mk79	"Oregon"@en	"/wikipedia/en_title/Oregon$002C_Wisconsin"
/m/01mk_h5	"Ornella Vanoni"@en	"/wikipedia/en_title/Ornella_Vanoni"
/m/01mmgx4	"Gorilla Biscuits"@en	"/wikipedia/en_title/Gorilla_Biscuits"
/m/01mp1h	"Pewaukee"@en	"/wikipedia/en_title/Pewaukee$002C_Wisconsin"
/m/01mvth	"Jerry Nelson"@en	"/wikipedia/en_title/Jerry_Nelson"
/m/01myvs	"Cleveland Hopkins International Airport"@en	"/wikipedia/en_title/Cleveland_Hopkins_International_Airport"
/m/01n09d7	"Cordelia's Dad"@en	"/wikipedia/en_title/Cordelia$0027s_Dad"
/m/01n22vy	"Above & Beyond"@en	"/wikipedia/en_title/Above_$0026_Beyond_$0028band$0029"
/m/01n6s6n	"La Lupita"@en	"/wikipedia/en_title/La_Lupita"
/m/01n9dyh	"Weeping Willows"@en	"/wikipedia/en_title/Weeping_Willows"
/m/01n_m0p	"China White"@en	"/wikipedia/en_title/China_White_$0028band$0029"
/m/01nds	"Capcom"@en	"/wikipedia/en_title/Capcom"
/m/01nft8g	"Jürgen Drews"@en	"/wikipedia/en_title/J$00FCrgen_Drews"
/m/01nkkk3	"Sandy Dillon"@en	"/wikipedia/en_title/Sandy_Dillon"
/m/01nnlm	"Pity Me"@en	"/wikipedia/en_title/Pity_Me"
/m/01ns9h2	"The Duprees"@en	"/wikipedia/en_title/The_Duprees"
/m/01ntnpr	"Quatermass"@en	"/wikipedia/en_title/Quatermass_$0028band$0029"
/m/01nxckf	"Southern Sons"@en	"/wikipedia/en_title/Southern_Sons"
/m/01nzzs	"Matthew Leydt"@en	"/wikipedia/en_title/Matthew_Leydt"
/m/01p0dv	"Patriarch Macedonius II of Constantinople"@en	"/wikipedia/en_title/Patriarch_Macedonius_II_of_Constantinople"
/m/01p0l82	"Kurban"@en	"/wikipedia/en_title/Kurban_$0028band$0029"
/m/01p3cb8	"Touché"@en	"/wikipedia/en_title/Touch$00E9_$0028band$0029"
/m/01p3kj	"Key of Solomon"@en	"/wikipedia/en_title/Key_of_Solomon"
/m/01p61l7	"Mike Auldridge"@en	"/wikipedia/en_title/Mike_Auldridge"
/m/01p6f_	"Sinepuxent"@en	"/wikipedia/en_title/Sinepuxent$002C_Maryland"
/m/01p8dn0	"Subway"@en	"/wikipedia/en_title/Subway_$0028group$0029"
/m/01p9fd	"Cabaret Voltaire"@en	"/wikipedia/en_title/Cabaret_Voltaire_$0028band$0029"
/m/01pd_bf	"The Broken Family Band"@en	"/wikipedia/en_title/The_Broken_Family_Band"
/m/01pdvr0	"The Hi-Fives"@en	"/wikipedia/en_title/The_Hi-Fives"
/m/01plhs	"Charles Holden"@en	"/wikipedia/en_title/Charles_Holden"
/m/01ppj7	"Jack Pepper"@en	"/wikipedia/en_title/Jack_Pepper"
/m/01ppktm	"Front End Loader"@en	"/wikipedia/en_title/Front_End_Loader"
/m/01prd9d	"Vazelina Bilopphøggers"@en	"/wikipedia/en_title/Vazelina_Bilopph$00F8ggers"
/m/01ps4z	"Bačka Palanka"@en	"/wikipedia/en_title/Ba$010Dka_Palanka"
/m/01psb40	"Robert Shaw Chorale"@en	"/wikipedia/en_title/Robert_Shaw_Chorale"
/m/01pscb	"Kraljevo"@en	"/wikipedia/en_title/Kraljevo"
/m/01pvr35	"GEM"@en	"/wikipedia/en_title/Gem_$0028band$0029"
/m/01q166c	"Double Exposure"@en	"/wikipedia/en_title/Double_Exposure_$0028band$0029"
/m/01q447	"Rob Buck"@en	"/wikipedia/en_title/Rob_Buck"
/m/01q4rmb	"The Triplets"@en	"/wikipedia/en_title/The_Triplets_$0028band$0029"
/m/01q67bd	"Hugo Duncan"@en	"/wikipedia/en_title/Hugo_Duncan"
/m/01q_45	"Rick Salutin"@en	"/wikipedia/en_title/Rick_Salutin"
/m/01qjyh3	"G.A.S. Drummers"@en	"/wikipedia/en_title/G$002Ea$002Es$002E_Drummers"
/m/01ql2p3	"Jakob"@en	"/wikipedia/en_title/Jakob_$0028band$0029"
/m/01qlvt	"Pekka Himanen"@en	"/wikipedia/en_title/Pekka_Himanen"
/m/01qn77	"Menelik I"@en	"/wikipedia/en_title/Menelik_I"
/m/01qs3q	"Longshot"@en	"/wikipedia/en_title/Longshot_$0028film$0029"
/m/01qtw8k	"Vitorino"@en	"/wikipedia/en_title/Vitorino"
/m/01qv8dn	"Mala Rodríguez"@en	"/wikipedia/en_title/Mala_Rodr$00EDguez"
/m/01qvdc5	"Still Remains"@en	"/wikipedia/en_title/Still_Remains"
/m/01qx6ly	"Acid Mothers Gong"@en	"/wikipedia/en_title/Acid_Mothers_Temple"
/m/01qzs1d	"The Waking Eyes"@en	"/wikipedia/en_title/The_Waking_Eyes"
/m/01r356	"Charles Taylor"@en	"/wikipedia/en_title/Charles_Taylor_$0028philosopher$0029"
/m/01r4r48	"Gangsta Boo"@en	"/wikipedia/en_title/Gangsta_Boo"
/m/01r8lpd	"Mareko"@en	"/wikipedia/en_title/Mareko"
/m/01r8sx	"La Mallorquina"@en	"/wikipedia/en_title/La_Mallorquina"
/m/01rdm9x	"Double Pact"@en	"/wikipedia/en_title/Double_Pact"
/m/01rjr81	"Los Kung-Fu Monkeys"@en	"/wikipedia/en_title/Los_Kung-Fu_Monkeys"
/m/01rl9w5	"Krisspy"@en	"/wikipedia/en_title/Krisspy"
/m/01rnqc	"Strait of Magellan"@en	"/wikipedia/en_title/Strait_of_Magellan"
/m/01rp49n	"Hobbs Angel of Death"@en	"/wikipedia/en_title/Hobbs$0027_Angel_of_Death"
/m/01rpj7f	"Digby"@en	"/wikipedia/en_title/Digby_$0028band$0029"
/m/01rpvk4	"Shameboy"@en	"/wikipedia/en_title/Shameboy"
/m/01rtgrn	"Son de Sol"@en	"/wikipedia/en_title/Son_de_Sol"
/m/01rvn02	"Ceremonial Castings"@en	"/wikipedia/en_title/Ceremonial_Castings"
/m/01rw8d2	"This Is Menace"@en	"/wikipedia/en_title/This_Is_Menace"
/m/01rwzl3	"Expensive Soul"@en	"/wikipedia/en_title/Expensive_Soul"
/m/01rx52k	"Michael Cashmore"@en	"/wikipedia/en_title/Michael_Cashmore"
/m/01ryygj	"Innerwish"@en	"/wikipedia/en_title/Innerwish"
/m/01s04s	"Don the Beachcomber"@en	"/wikipedia/en_title/Don_the_Beachcomber"
/m/01s4np	"Omni Bedford Springs Resort"@en	"/wikipedia/en_title/Omni_Bedford_Springs_Resort"
/m/01s6dt	"Fernando J. Corbató"@en	"/wikipedia/en_title/Fernando_J$002E_Corbat$00F3"
/m/01s6ty	"Victor Duruy"@en	"/wikipedia/en_title/Victor_Duruy"
/m/01s7h1	"Port Talbot Town F.C."@en	"/wikipedia/en_title/Port_Talbot_Town_F$002EC$002E"
/m/01sd3ng	"Francine"@en	"/wikipedia/en_title/Francine_$0028band$0029"
/m/01sdsnc	"Face to Face"@en	"/wikipedia/en_title/Face_to_Face_$0028New_Wave_band$0029"
/m/01sf9zd	"Tourbillon"@en	"/wikipedia/en_title/Tourbillon_$0028band$0029"
/m/01sjwqc	"Confront James"@en	"/wikipedia/en_title/Confront_James"
/m/01skjsb	"George McCorkle"@en	"/wikipedia/en_title/George_McCorkle"
/m/01skw5	"James Miller"@en	"/wikipedia/en_title/James_Miller_$0028general$0029"
/m/01sm8hy	"Robbie Basho"@en	"/wikipedia/en_title/Robbie_Basho"
/m/01sy5t6	"Westworld"@en	"/wikipedia/en_title/Westworld_$0028American_band$0029"
/m/01t0qml	"Scenes From A Movie"@en	"/wikipedia/en_title/Scenes_from_a_Movie"
/m/01t806r	"General Crook"@en	"/wikipedia/en_title/General_Crook_$0028musician$0029"
/m/01t9q00	"Sammy Fain"@en	"/wikipedia/en_title/Sammy_Fain"
/m/01tf05p	"Wadsworth Mansion"@en	"/wikipedia/en_title/Wadsworth_Mansion_$0028band$0029"
/m/01tjk8z	"Mr. Len"@en	"/wikipedia/en_title/Mr$002E_Len"
/m/01tjyjt	"Giovanni Battista Vitali"@en	"/wikipedia/en_title/Giovanni_Battista_Vitali"
/m/01tlf8r	"Adam de la Halle"@en	"/wikipedia/en_title/Adam_de_la_Halle"
/m/01tsxf	"Stabat Mater"@en	"/wikipedia/en_title/Stabat_Mater"
/m/01ty5cy	"Rhinoceros"@en	"/wikipedia/en_title/Rhinoceros_$0028band$0029"
/m/01tzb2	"Et-Tell"@en	"/wikipedia/en_title/Et-Tell"
/m/01tzm9	"Dawn French"@en	"/wikipedia/en_title/Dawn_French"
/m/01v0skm	"Gary's Gang"@en	"/wikipedia/en_title/Gary$0027s_Gang"
/m/01v1v4p	"Mickey Thomas"@en	"/wikipedia/en_title/Mickey_Thomas_$0028singer$0029"
/m/01v7vfp	"Lee Sexton"@en	"/wikipedia/en_title/Lee_Sexton"
/m/01v8g_	"Eric Flint"@en	"/wikipedia/en_title/Eric_Flint"
/m/01v8wnj	"Larry Hall"@en	"/wikipedia/en_title/Larry_Hall"
/m/01v90v9	"Baby Ranks"@en	"/wikipedia/en_title/Baby_Ranks"
/m/01vbflk	"Chandrabindoo"@en	"/wikipedia/en_title/Chandrabindoo_$0028band$0029"
/m/01vfy_0	"Higgs & Wilson"@en	"/wikipedia/en_title/Higgs_and_Wilson"
/m/01vlhls	"Betty Curtis"@en	"/wikipedia/en_title/Betty_Curtis"
/m/01vnp7v	"Fejd"@en	"/wikipedia/en_title/Fejd"
/m/01vntq_	"Young Dre"@en	"/wikipedia/en_title/Young_Dre_the_Truth"
/m/01vrbb	"Garin de Monglane"@en	"/wikipedia/en_title/Garin_de_Monglane"
/m/01vt09k	"Mira Calix"@en	"/wikipedia/en_title/Mira_Calix"
/m/01vv6xv	"Axl Rose"@en	"/wikipedia/en_title/Axl_Rose"
/m/01vvr8	"Copenhagen Free University"@en	"/wikipedia/en_title/Copenhagen_Free_University"
/m/01vwm1n	"Phillip Boa"@en	"/wikipedia/en_title/Phillip_Boa"
/m/01vxgbr	"Big Balls & the Great White Idiot"@en	"/wikipedia/en_title/Big_Balls_and_the_Great_White_Idiot"
/m/01w02f	"Fred Nile"@en	"/wikipedia/en_title/Fred_Nile"
/m/01w1ywm	"Richard Hunt"@en	"/wikipedia/en_title/Richard_Hunt_$0028puppeteer$0029"
/m/01w42xt	"Kjetil Bjerkestrand"@en	"/wikipedia/en_title/Kjetil_Bjerkestrand"
/m/01w61sh	"Michie Nakatani"@en	"/wikipedia/en_title/Michie_Nakatani"
/m/01w7knp	"Tjodalv"@en	"/wikipedia/en_title/Tjodalv"
/m/01w7vnt	"Teenager"@en	"/wikipedia/en_title/Teenager_$0028band$0029"
/m/01w98pz	"Antillectual"@en	"/wikipedia/en_title/Antillectual"
/m/01w9vrk	"Kazuya Kamenashi"@en	"/wikipedia/en_title/Kazuya_Kamenashi"
/m/01w9wt	"Bees, Wasps and Ants Recording Society"@en	"/wikipedia/en_title/Bees$002C_Wasps_and_Ants_Recording_Society"
/m/01w_006	"Mark Smith"@en	"/wikipedia/en_title/Mark_Smith_$0028musician$0029"
/m/01wgxk8	"Chris Braide"@en	"/wikipedia/en_title/Chris_Braide"
/m/01wj6bs	"Fiddlers' Bid"@en	"/wikipedia/en_title/Fiddlers$0027_Bid"
/m/01wk5kf	"Akihito Tokunaga"@en	"/wikipedia/en_title/Akihito_Tokunaga"
/m/01wkplq	"Billy Martin"@en	"/wikipedia/en_title/Billy_Martin_$0028percussionist$0029"
/m/01wkzw	"Chino"@en	"/wikipedia/en_title/Chino$002C_Nagano"
/m/01wnx7h	"Megan Rochell"@en	"/wikipedia/en_title/Megan_Rochell"
/m/01wptv	"Rimouski"@en	"/wikipedia/en_title/Rimouski"
/m/01wq3qp	"Hans Poulsen"@en	"/wikipedia/en_title/Hans_Poulsen"
/m/01wqp2p	"Andie Rathbone"@en	"/wikipedia/en_title/Andie_Rathbone"
/m/01wr5q	"Makurazaki"@en	"/wikipedia/en_title/Makurazaki$002C_Kagoshima"
/m/01wrly	"Hino"@en	"/wikipedia/en_title/Hino$002C_Tokyo"
/m/01wrz83	"Danny Bank"@en	"/wikipedia/en_title/Danny_Bank"
/m/01ws5ht	"Uncle Kracker"@en	"/wikipedia/en_title/Uncle_Kracker"
/m/01wss56	"Lützenkirchen"@en	"/wikipedia/en_title/L$00FCtzenkirchen"
/m/01wth_	"Adam Philippe, Comte de Custine"@en	"/wikipedia/en_title/Adam_Philippe$002C_Comte_de_Custine"
/m/01wv0qj	"Super Cat"@en	"/wikipedia/en_title/Super_Cat"
/m/01wvg7k	"Pro Cantione Antiqua"@en	"/wikipedia/en_title/Pro_Cantione_Antiqua"
/m/01wwp9j	"Scotty"@en	"/wikipedia/en_title/Scotty_$0028reggae_vocalist$0029"
/m/01wwqg6	"Claude Luter"@en	"/wikipedia/en_title/Claude_Luter"
/m/01wwv7_	"Bernard Fowler"@en	"/wikipedia/en_title/Bernard_Fowler"
/m/01wyn4	"King Kuang of Zhou"@en	"/wikipedia/en_title/King_Kuang_of_Zhou"
/m/01x0h8	"Tripontium"@en	"/wikipedia/en_title/Tripontium"
/m/01x299	"Stäfa"@en	"/wikipedia/en_title/St$00E4fa"
/m/01x2cp	"Prince of Wales Hospital"@en	"/wikipedia/en_title/Prince_of_Wales_Hospital"
/m/01x6nh	"North Greenwich tube station"@en	"/wikipedia/en_title/North_Greenwich_tube_station"
/m/01xlmjk	"Dr. Joseph Halton House"@en	"/wikipedia/en_title/Dr$002E_Joseph_Halton_House"
/m/01xmgqz	"General Post Office, Melbourne"@en	"/wikipedia/en_title/Melbourne_General_Post_Office"
/m/01xn4x6	"Orvietana Calcio"@en	"/wikipedia/en_title/Orvietana_Calcio"
/m/01xn8tx	"Salthill Devon F.C."@en	"/wikipedia/en_title/Salthill_Devon_F$002EC$002E"
/m/01y8zd	"McMaster University"@en	"/wikipedia/en_title/McMaster_University"
/m/01ycfg	"Sheffield Cathedral"@en	"/wikipedia/en_title/Sheffield_Cathedral"
/m/01yf3l	"Emperor Shun of Han"@en	"/wikipedia/en_title/Emperor_Shun_of_Han"
/m/01yptv	"Mary Ann Shadd"@en	"/wikipedia/en_title/Mary_Ann_Shadd"
/m/01z13b	"Mino Province"@en	"/wikipedia/en_title/Mino_Province"
/m/01z43p3	"Horseshoe Bend"@en	"/wikipedia/en_title/Horseshoe_Bend$002C_Arkansas"
/m/01zk8_	"Gryfice"@en	"/wikipedia/en_title/Gryfice"
/m/01zvdj	"The Loved One"@en	"/wikipedia/en_title/The_Loved_One"
/m/0200df	"Chris Pérez"@en	"/wikipedia/en_title/Chris_P$00E9rez"
/m/0200t4	"Hearst Castle"@en	"/wikipedia/en_title/Hearst_Castle"
/m/0202vw	"Barton-upon-Humber"@en	"/wikipedia/en_title/Barton-upon-Humber"
/m/02044x	"Pleasley"@en	"/wikipedia/en_title/Pleasley"
/m/0206f5	"Bilston"@en	"/wikipedia/en_title/Bilston"
/m/0207sh	"Johor Bahru"@en	"/wikipedia/en_title/Johor_Bahru"
/m/020h9np	"Chesterland"@en	"/wikipedia/en_title/Chesterland$002C_Ohio"
/m/020ms5j	"Maumee"@en	"/wikipedia/en_title/Maumee$002C_Ohio"
/m/020x8q	"Joseph Chénier"@en	"/wikipedia/en_title/Joseph_Ch$00E9nier"
/m/020xt0	"Malvern College"@en	"/wikipedia/en_title/Malvern_College"
/m/0212w30	"Highland Village"@en	"/wikipedia/en_title/Highland_Village$002C_Texas"
/m/021d12	"Rescue on Fractalus!"@en	"/wikipedia/en_title/Rescue_on_Fractalus$0021"
/m/021dgh	"Cameron Balloons"@en	"/wikipedia/en_title/Cameron_Balloons"
/m/021f9t	"Evgeny Kissin"@en	"/wikipedia/en_title/Evgeny_Kissin"
/m/021hs3	"Walbrook"@en	"/wikipedia/en_title/Walbrook"
/m/021qfy	"Rosmarie Waldrop"@en	"/wikipedia/en_title/Rosmarie_Waldrop"
/m/021t30	"Kai Budde"@en	"/wikipedia/en_title/Kai_Budde"
/m/022_r_	"Marc Ravalomanana"@en	"/wikipedia/en_title/Marc_Ravalomanana"
/m/022b9y	"Phineas Gage"@en	"/wikipedia/en_title/Phineas_Gage"
/m/022brf	"Czeladź"@en	"/wikipedia/en_title/Czelad$017A"
/m/022gkd	"Chevrolet Biscayne"@en	"/wikipedia/en_title/Chevrolet_Biscayne"
/m/022jgd	"Claude Bachand"@en	"/wikipedia/en_title/Claude_Bachand"
/m/022y8_	"Winnetka"@en	"/wikipedia/en_title/Winnetka$002C_Los_Angeles"
/m/0232wm	"The Boys of Summer"@en	"/wikipedia/en_title/The_Boys_of_Summer_$0028book$0029"
/m/0234d6	"Roger Morse"@en	"/wikipedia/en_title/Roger_Morse"
/m/023bn0	"Rabwah"@en	"/wikipedia/en_title/Rabwah"
/m/023f8v	"Sam Browne"@en	"/wikipedia/en_title/Sam_Browne"
/m/023nd6	"Botolph Claydon"@en	"/wikipedia/en_title/Botolph_Claydon"
/m/023pml	"Mikhail Suslov"@en	"/wikipedia/en_title/Mikhail_Suslov"
/m/023tgk	"John Latham"@en	"/wikipedia/en_title/John_Latham_$0028ornithologist$0029"
/m/023vfz	"Anthony Boucher"@en	"/wikipedia/en_title/Anthony_Boucher"
/m/0240v2	"Central and Western Democratic Power"@en	"/wikipedia/en_title/Central_and_Western_Democratic_Power"
/m/02483s	"NCAA Division II National Football Championship"@en	"/wikipedia/en_title/NCAA_Division_II_National_Football_Championship"
/m/024g3t	"My Life on Ice"@en	"/wikipedia/en_title/Ma_vraie_vie_$00E0_Rouen"
/m/024j8d	"Interstate 605"@en	"/wikipedia/en_title/Interstate_605"
/m/024l5	"Crystal Eastman"@en	"/wikipedia/en_title/Crystal_Eastman"
/m/024vc8	"Köpenick"@en	"/wikipedia/en_title/K$00F6penick"
/m/024w3s	"Charlotte Caffey"@en	"/wikipedia/en_title/Charlotte_Caffey"
/m/025_0x5	"Zmiennicy"@en	"/wikipedia/en_title/Zmiennicy"
/m/025_25t	"Zalaba"@en	"/wikipedia/en_title/Zalaba"
/m/025_5d3	"Sikenica"@en	"/wikipedia/en_title/Sikenica"
/m/025_78r	"Simon Efemey"@en	"/wikipedia/en_title/Simon_Efemey"
/m/025_h5j	"Nene Park Academy"@en	"/wikipedia/en_title/Nene_Park_Academy"
/m/025_ksd	"Luis de la Fuente"@en	"/wikipedia/en_title/Luis_de_la_Fuente"
/m/025_qgv	"Pennsylvania Route 183"@en	"/wikipedia/en_title/Pennsylvania_Route_183"
/m/025_tyh	"Alex Atkinson"@en	"/wikipedia/en_title/Alex_Atkinson"
/m/025_v62	"Lioux"@en	"/wikipedia/en_title/Lioux"
/m/025gm2	"David Atkinson"@en	"/wikipedia/en_title/David_Atkinson_$0028politician$0029"
/m/025rssp	"Gladstone, New Jersey"@en	"/wikipedia/en_title/Gladstone$002C_New_Jersey"
/m/025sy5l	"Fort Gibson"@en	"/wikipedia/en_title/Fort_Gibson"
/m/025t8l6	"Galgalatz"@en	"/wikipedia/en_title/Galgalatz"
/m/025t_rf	"Images of the Last Battalion"@en	"/wikipedia/en_title/Images_of_the_Last_Battalion"
/m/025vh6y	"Polly Horvath"@en	"/wikipedia/en_title/Polly_Horvath"
/m/025w3tw	"Gallorette Handicap"@en	"/wikipedia/en_title/Gallorette_Handicap"
/m/025w5x	"David Marr"@en	"/wikipedia/en_title/David_Marr_$0028neuroscientist$0029"
/m/025w_4p	"Sunday River"@en	"/wikipedia/en_title/Sunday_River_$0028Androscoggin_River$0029"
/m/025wc32	"Shelf Life"@en	"/wikipedia/en_title/Shelf_Life_$0028novel$0029"
/m/025wktl	"Things Not Seen"@en	"/wikipedia/en_title/Things_Not_Seen"
/m/025wxn2	"Ælfric of Hampshire"@en	"/wikipedia/en_title/$00C6lfric_of_Hampshire"
/m/025x1js	"Central Instrumentation Facility"@en	"/wikipedia/en_title/Central_Instrumentation_Facility"
/m/025xg2	"Francis Egerton, 8th Earl of Bridgewater"@en	"/wikipedia/en_title/Francis_Egerton$002C_8th_Earl_of_Bridgewater"
/m/025xwb9	"Vladimir Gigauri"@en	"/wikipedia/en_title/Vladimir_Gigauri"
/m/025xzjf	"Keep the Widow Waking"@en	"/wikipedia/en_title/Keep_the_Widow_Waking"
/m/025y2zh	"Kedzie (CTA Pink)"@en	"/wikipedia/en_title/Kedzie_$0028CTA_Pink_Line_station$0029"
/m/025y361	"Bill Longson"@en	"/wikipedia/en_title/Bill_Longson"
/m/025y3s8	"Elgin Racers"@en	"/wikipedia/en_title/Elgin_Racers"
/m/025y5p7	"Echuca United Football Club"@en	"/wikipedia/en_title/Echuca_United_Football_Club"
/m/025y8x2	"Holland's Next Top Model"@en	"/wikipedia/en_title/Holland$0027s_Next_Top_Model"
/m/025ycq	"King Edward's School, Birmingham"@en	"/wikipedia/en_title/King_Edward$0027s_School$002C_Birmingham"
/m/025ydcl	"Edward Robert Armstrong"@en	"/wikipedia/en_title/Edward_Robert_Armstrong"
/m/025ylgd	"Tennōchō Station"@en	"/wikipedia/en_title/Tenn$014Dch$014D_Station"
/m/025yr8v	"Amboyna"@en	"/wikipedia/en_title/Amboyna_$0028play$0029"
/m/025ysqk	"Phayom Chulanont"@en	"/wikipedia/en_title/Phayom_Chulanont"
/m/025ywdm	"Dave Miley"@en	"/wikipedia/en_title/Dave_Miley"
/m/025z0k0	"Mercedes AMG High Performance Powertrains"@en	"/wikipedia/en_title/Mercedes_AMG_High_Performance_Powertrains"
/m/025z4b4	"Sapelo Island Range Front Light"@en	"/wikipedia/en_title/Sapelo_Island_Range_Front_Light"
/m/025z4s	"Jasper"@en	"/wikipedia/en_title/Jasper$002C_Alberta"
/m/025z5rk	"Nataliya Tobias"@en	"/wikipedia/en_title/Nataliya_Tobias"
/m/025z7zs	"Allan Paivio"@en	"/wikipedia/en_title/Allan_Paivio"
/m/025zbpk	"Cristina Pérez"@en	"/wikipedia/en_title/Cristina_P$00E9rez_$0028judge$0029"
/m/025zcs0	"RAF Sumburgh"@en	"/wikipedia/en_title/RAF_Sumburgh"
/m/025zfqy	"Oleh Shturbabin"@en	"/wikipedia/en_title/Oleh_Shturbabin"
/m/025zn4h	"Bakshi Ghulam Mohammad"@en	"/wikipedia/en_title/Bakshi_Ghulam_Mohammad"
/m/025ztc_	"Graham Wagg"@en	"/wikipedia/en_title/Graham_Wagg"
/m/02606x_	"University City High School"@en	"/wikipedia/en_title/University_City_High_School_$0028Missouri$0029"
/m/02609_h	"M. S. Krishnan"@en	"/wikipedia/en_title/M$002E_S$002E_Krishnan"
/m/0260vwj	"Norman Blackwell, Baron Blackwell"@en	"/wikipedia/en_title/Norman_Blackwell$002C_Baron_Blackwell"
/m/0260z4s	"Otis Reservoir"@en	"/wikipedia/en_title/Otis_Reservoir"
/m/02612k3	"Vođinci"@en	"/wikipedia/en_title/Vo$0111inci"
/m/0261g1s	"Robert Assaraf"@en	"/wikipedia/en_title/Robert_Assaraf"
/m/0261sc3	"Guido Daniele"@en	"/wikipedia/en_title/Guido_Daniele"
/m/0261stk	"Hålandsdal"@en	"/wikipedia/en_title/H$00E5landsdal"
/m/0261x83	"Štrbské Pleso – Štrba rack railway"@en	"/wikipedia/en_title/$0160trbsk$00E9_Pleso_$2013_$0160trba_rack_railway"
/m/0261yfz	"Lock and Dam No. 22"@en	"/wikipedia/en_title/Lock_and_Dam_No$002E_22"
/m/02620pk	"SK Rollon"@en	"/wikipedia/en_title/SK_Rollon"
/m/02621k4	"Gálvez"@en	"/wikipedia/en_title/G$00E1lvez$002C_Santa_Fe"
/m/0262hwz	"Taitā, New Zealand"@en	"/wikipedia/en_title/Tait$0101$002C_New_Zealand"
/m/0262j5y	"Texas State Highway 147"@en	"/wikipedia/en_title/Texas_State_Highway_147"
/m/0262n7q	"Stockport College"@en	"/wikipedia/en_title/Stockport_College"
/m/0262q72	"Green Gulch Farm Zen Center"@en	"/wikipedia/en_title/Green_Gulch_Farm_Zen_Center"
/m/0262rlf	"Daisy Ogle"@en	"/wikipedia/en_title/Daisy_Ogle"
/m/0262vz0	"Lechugueros de León"@en	"/wikipedia/en_title/Lechugueros_de_Le$00F3n"
/m/0262xfq	"Tunisian Ligue Professionnelle 1"@en	"/wikipedia/en_title/Tunisian_Ligue_Professionnelle_1"
/m/0262y5g	"Mikhail Davidovich Mashkovsky"@en	"/wikipedia/en_title/Mikhail_Davidovich_Mashkovsky"
/m/0262z96	"Parque Carlos Guerrero"@en	"/wikipedia/en_title/Parque_Carlos_Guerrero"
/m/0262zpy	"Tomb Raider: Curse of the Sword"@en	"/wikipedia/en_title/Tomb_Raider$003A_Curse_of_the_Sword"
/m/026388z	"Betty Boop's Big Boss"@en	"/wikipedia/en_title/Betty_Boop$0027s_Big_Boss"
/m/02638mm	"Paragovo"@en	"/wikipedia/en_title/Paragovo"
/m/0263_mb	"Viliami Vaki"@en	"/wikipedia/en_title/Viliami_Vaki"
/m/0263b6k	"Cruel and Unusual"@en	"/wikipedia/en_title/Cruel_and_Unusual_$0028novel$0029"
/m/0263dwg	"Jorge Hernan Monge"@en	"/wikipedia/en_title/Jorge_Hernan_Monge"
/m/0263p0f	"Penobscot Theatre Company"@en	"/wikipedia/en_title/Penobscot_Theatre_Company"
/m/0263tx_	"Swan Valley High School"@en	"/wikipedia/en_title/Swan_Valley_High_School"
/m/0263ys5	"Sapporo Clock Tower"@en	"/wikipedia/en_title/Sapporo_Clock_Tower"
/m/026457x	"Linda Martín Alcoff"@en	"/wikipedia/en_title/Linda_Mart$00EDn_Alcoff"
/m/0264_6r	"Ogbourne St Andrew"@en	"/wikipedia/en_title/Ogbourne_St_Andrew"
/m/0264rhg	"Philippa of England"@en	"/wikipedia/en_title/Philippa_of_England"
/m/02652y7	"Fine Paints of Europe"@en	"/wikipedia/en_title/Fine_Paints_of_Europe"
/m/02657_t	"Aaron Diamond AIDS Research Center"@en	"/wikipedia/en_title/Aaron_Diamond_AIDS_Research_Center"
/m/02657qh	"Mauritian League"@en	"/wikipedia/en_title/Mauritian_League"
/m/0265_z7	"Prager Zeitung"@en	"/wikipedia/en_title/Prager_Zeitung"
/m/0265c1k	"Partnachplatz"@en	"/wikipedia/en_title/Partnachplatz_$0028Munich_U-Bahn$0029"
/m/0265tm4	"Jasodhara Bagchi"@en	"/wikipedia/en_title/Jasodhara_Bagchi"
/m/0265xnz	"Tongkou"@en	"/wikipedia/en_title/Tongkou"
/m/0265xtf	"Girlstuff/Boystuff"@en	"/wikipedia/en_title/Girlstuff$002FBoystuff"
/m/02665r4	"Brooksville Independent-Graded School District"@en	"/wikipedia/en_title/Brooksville_Independent-Graded_School_District"
/m/0266c1h	"Suara Merdeka"@en	"/wikipedia/en_title/Suara_Merdeka"
/m/0266d60	"Georgia Hase"@en	"/wikipedia/en_title/Georgia_Hase"
/m/0266ftb	"Metro Lagunilla"@en	"/wikipedia/en_title/Metro_Lagunilla"
/m/0266m_y	"Peotone Mill"@en	"/wikipedia/en_title/Peotone_Mill"
/m/0266py4	"Wainfan Facetmobile"@en	"/wikipedia/en_title/Wainfan_Facetmobile"
/m/02676s9	"Hamilton Zoo"@en	"/wikipedia/en_title/Hamilton_Zoo"
/m/0267hdp	"Cochrans Falls"@en	"/wikipedia/en_title/Cochrans_Falls"
/m/0267tzw	"Uncle Shelby's ABZ Book"@en	"/wikipedia/en_title/Uncle_Shelby$0027s_ABZ_Book"
/m/0267y8k	"16th Wisconsin Volunteer Infantry Regiment"@en	"/wikipedia/en_title/16th_Wisconsin_Volunteer_Infantry_Regiment"
/m/02683mg	"Charles Tallman"@en	"/wikipedia/en_title/Charles_Tallman"
/m/0268417	"North Western Expressway"@en	"/wikipedia/en_title/North_Western_Expressway"
/m/0268y__	"Qasimabad, Hyderabad"@en	"/wikipedia/en_title/Qasimabad$002C_Hyderabad"
/m/0268z1c	"Park Kyung-lim"@en	"/wikipedia/en_title/Park_Kyung-lim"
/m/026908b	"Ban Pho District"@en	"/wikipedia/en_title/Ban_Pho_District"
/m/0269191	"KEWE"@en	"/wikipedia/en_title/KEWE"
/m/0269dfr	"Jon Weaving"@en	"/wikipedia/en_title/Jon_Weaving"
/m/0269frd	"Egalitarianism as a Revolt Against Nature and Other Essays"@en	"/wikipedia/en_title/Egalitarianism_as_a_Revolt_Against_Nature_and_Other_Essays"
/m/0269g4j	"Assam Engineering College"@en	"/wikipedia/en_title/Assam_Engineering_College"
/m/0269pbx	"Skilurus"@en	"/wikipedia/en_title/Skilurus"
/m/0269s8c	"General Lavalle Partido"@en	"/wikipedia/en_title/General_Lavalle_Partido"
/m/0269t2y	"Yoshika Matsubara"@en	"/wikipedia/en_title/Yoshika_Matsubara"
/m/026_06h	"Marc de Hemptinne"@en	"/wikipedia/en_title/Marc_de_Hemptinne"
/m/026_2sn	"John Crossley"@en	"/wikipedia/en_title/John_Crossley"
/m/026_4ls	"Ohio State Route 164"@en	"/wikipedia/en_title/Ohio_State_Route_164"
/m/026_8hy	"Sawley"@en	"/wikipedia/en_title/Sawley$002C_North_Yorkshire"
/m/026_jxs	"Ana María Orozco"@en	"/wikipedia/en_title/Ana_Mar$00EDa_Orozco"
/m/026_r4m	"Bucaspor"@en	"/wikipedia/en_title/Bucaspor"
/m/026_w_f	"Kyzyl-Syr Airport"@en	"/wikipedia/en_title/Kyzyl-Syr_Airport"
/m/026_xrv	"Christopher Schwarze"@en	"/wikipedia/en_title/Christopher_Schwarze"
/m/026b_p5	"École Centrale de Marseille"@en	"/wikipedia/en_title/$00C9cole_centrale_de_Marseille"
/m/026bwk1	"Tales of the 77th Bengal Lancers"@en	"/wikipedia/en_title/Tales_of_the_77th_Bengal_Lancers"
/m/026c1r8	"Winnemucca Municipal Airport"@en	"/wikipedia/en_title/Winnemucca_Municipal_Airport"
/m/026chw	"Muhammad al-Idrisi"@en	"/wikipedia/en_title/Muhammad_al-Idrisi"
/m/026ck3d	"Bedok View Secondary School"@en	"/wikipedia/en_title/Bedok_View_Secondary_School"
/m/026crzw	"Novigrad Podravski"@en	"/wikipedia/en_title/Novigrad_Podravski"
/m/026ctd9	"Miles Stadium"@en	"/wikipedia/en_title/Miles_Stadium"
/m/026cx4q	"Ryōgoku"@en	"/wikipedia/en_title/Ry$014Dgoku"
/m/026d0wh	"Brentwood Secondary College"@en	"/wikipedia/en_title/Brentwood_Secondary_College"
/m/026d3mn	"Jo Giles"@en	"/wikipedia/en_title/Jo_Giles"
/m/026dv9_	"Thaddeus Wasielewski"@en	"/wikipedia/en_title/Thaddeus_Wasielewski"
/m/026dw4g	"Lake Stevens High School"@en	"/wikipedia/en_title/Lake_Stevens_High_School"
/m/026f2s8	"Éric Cubilier"@en	"/wikipedia/en_title/$00C9ric_Cubilier"
/m/026f65z	"Louis Page"@en	"/wikipedia/en_title/Louis_Page"
/m/026fdn_	"Zizers"@en	"/wikipedia/en_title/Zizers"
/m/026fl0_	"Scott Stahoviak"@en	"/wikipedia/en_title/Scott_Stahoviak"
/m/026flhf	"Saint Peter in Chains Cathedral"@en	"/wikipedia/en_title/Saint_Peter_in_Chains_Cathedral"
/m/026fln7	"Temora Shire"@en	"/wikipedia/en_title/Temora_Shire"
/m/026fv3l	"Remi Ayodele"@en	"/wikipedia/en_title/Remi_Ayodele"
/m/026fw5z	"Iowa International Center"@en	"/wikipedia/en_title/Iowa_International_Center"
/m/026g1wf	"Walter Mazzarri"@en	"/wikipedia/en_title/Walter_Mazzarri"
/m/026g90r	"Hirakida Station"@en	"/wikipedia/en_title/Hirakida_Station"
/m/026gg_8	"Henriette Mertz"@en	"/wikipedia/en_title/Henriette_Mertz"
/m/026ghbm	"Stay"@en	"/wikipedia/en_title/Stay_$0028novel$0029"
/m/026h1cn	"Carl Høgset"@en	"/wikipedia/en_title/Carl_H$00F8gset"
/m/026h95y	"Préfète Duffaut"@en	"/wikipedia/en_title/Pr$00E9f$00E8te_Duffaut"
/m/026h_3f	"Amulree, Ontario"@en	"/wikipedia/en_title/Amulree$002C_Ontario"
/m/026hcrd	"Lenny Cooke"@en	"/wikipedia/en_title/Lenny_Cooke"
/m/026hkk3	"Hanušovce nad Topľou"@en	"/wikipedia/en_title/Hanu$0161ovce_nad_Top$013Eou"
/m/026hzdd	"Burneside"@en	"/wikipedia/en_title/Burneside"
/m/026jjd6	"Šišov"@en	"/wikipedia/en_title/$0160i$0161ov"
/m/026jjv_	"Harriet Powers"@en	"/wikipedia/en_title/Harriet_Powers"
/m/026jkxb	"Svinná"@en	"/wikipedia/en_title/Svinn$00E1"
/m/026jwth	"Meghasandesham"@en	"/wikipedia/en_title/Meghasandesam"
/m/026jxcc	"Oreské, Michalovce District"@en	"/wikipedia/en_title/Oresk$00E9$002C_Michalovce_District"
/m/026k04c	"Ephraim Zalman Margolis"@en	"/wikipedia/en_title/Ephraim_Zalman_Margolis"
/m/026k1dz	"Predrag Miletić"@en	"/wikipedia/en_title/Predrag_Mileti$0107"
/m/026k371	"Korňa"@en	"/wikipedia/en_title/Kor$0148a"
/m/026kgcp	"Long Fork Subdivision"@en	"/wikipedia/en_title/Long_Fork_Subdivision"
/m/026kpz5	"John Lawson Johnston"@en	"/wikipedia/en_title/John_Lawson_Johnston"
/m/026kv84	"Cherokee County (Georgia) School District"@en	"/wikipedia/en_title/Cherokee_County_School_District_$0028Georgia$0029"
/m/026kvs_	"Aga Khan Hospital for Women"@en	"/wikipedia/en_title/Aga_Khan_Hospital_for_Women"
/m/026l0rk	"Armistead Burwell Smith IV"@en	"/wikipedia/en_title/Armistead_Burwell_Smith_IV"
/m/026l75v	"Lou Campanelli"@en	"/wikipedia/en_title/Lou_Campanelli"
/m/026m34t	"Volleyball at the Pan American Games"@en	"/wikipedia/en_title/Volleyball_at_the_Pan_American_Games"
/m/026md80	"Secret History"@en	"/wikipedia/en_title/Secret_History_$0028TV_series$0029"
/m/026mgvw	"Norsborg"@en	"/wikipedia/en_title/Norsborg"
/m/026mhww	"Jennie Smillie Robertson"@en	"/wikipedia/en_title/Jennie_Smillie_Robertson"
/m/026mm42	"Herbert L. Rosedale"@en	"/wikipedia/en_title/Herbert_L$002E_Rosedale"
/m/026mv59	"Dallas Cowboys Cheerleaders: Making the Team"@en	"/wikipedia/en_title/Dallas_Cowboys_Cheerleaders$003A_Making_the_Team"
/m/026n8j5	"Konyár"@en	"/wikipedia/en_title/Kony$00E1r"
/m/026nlb	"Burt Rutan"@en	"/wikipedia/en_title/Burt_Rutan"
/m/026nwk6	"Senjeh District"@en	"/wikipedia/en_title/Senjeh_District"
/m/026nzdc	"Charles Stillman Sperry"@en	"/wikipedia/en_title/Charles_Stillman_Sperry"
/m/026p781	"Vince Henderson"@en	"/wikipedia/en_title/Vince_Henderson"
/m/026p_k9	"MetroCorp Bancshares"@en	"/wikipedia/en_title/MetroCorp_Bancshares"
/m/026p_sw	"Alan B. Gaylor"@en	"/wikipedia/en_title/Alan_B$002E_Gaylor"
/m/026pkjx	"Melissa Davis"@en	"/wikipedia/en_title/Melissa_Davis"
/m/026pl3g	"Ernie Bateman"@en	"/wikipedia/en_title/Ernie_Bateman"
/m/026pmrd	"Pavel Batov"@en	"/wikipedia/en_title/Pavel_Batov"
/m/026ps29	"Bayanat"@en	"/wikipedia/en_title/Bayanat"
/m/026q2ym	"Rogues of Sherwood Forest"@en	"/wikipedia/en_title/Rogues_of_Sherwood_Forest"
/m/026q32f	"B. B. King's Bluesville"@en	"/wikipedia/en_title/B$002E_B$002E_King$0027s_Bluesville"
/m/026qd9r	"Magnum In Motion"@en	"/wikipedia/en_title/Magnum_In_Motion"
/m/026qms3	"Becker High School"@en	"/wikipedia/en_title/Becker_High_School"
/m/026qtb7	"Sharon Foley"@en	"/wikipedia/en_title/Sharon_Foley"
/m/026r12k	"Silvertone Records"@en	"/wikipedia/en_title/Silvertone_Records_$00281980$0029"
/m/026r335	"Fuhrländer Wind Turbine Laasow"@en	"/wikipedia/en_title/Fuhrl$00E4nder_Wind_Turbine_Laasow"
/m/026r51f	"Epworth-Great Salmonier, Newfoundland and Labrador"@en	"/wikipedia/en_title/Epworth-Great_Salmonier$002C_Newfoundland_and_Labrador"
/m/026r_vt	"Ōnokuni Yasushi"@en	"/wikipedia/en_title/$014Cnokuni_Yasushi"
/m/026rfck	"Testament Records"@en	"/wikipedia/en_title/Testament_Records_$0028United_States$0029"
/m/026rj38	"Mag 218 Tower"@en	"/wikipedia/en_title/Mag_218_Tower"
/m/026rv_n	"Razi Abedi"@en	"/wikipedia/en_title/Razi_Abedi"
/m/026rx31	"Fasito'o Tai"@en	"/wikipedia/en_title/Fasito$0027o_Tai"
/m/026s19l	"Eden Ants"@en	"/wikipedia/en_title/Eden_Ants"
/m/026s3bk	"Keith Mason"@en	"/wikipedia/en_title/Keith_Mason_$0028rugby_league$0029"
/m/026s5l1	"Bengt Lidforss"@en	"/wikipedia/en_title/Bengt_Lidforss"
/m/026shvq	"Third Presbyterian Church"@en	"/wikipedia/en_title/Third_Presbyterian_Church_$0028Birmingham$002C_Alabama$0029"
/m/026sl82	"Túristvándi"@en	"/wikipedia/en_title/T$00FAristv$00E1ndi"
/m/026smrk	"Robert Jarczyk"@en	"/wikipedia/en_title/Robert_Jarczyk"
/m/026sptl	"Cynthia Viteri"@en	"/wikipedia/en_title/Cynthia_Viteri"
/m/026ss24	"United Armenia"@en	"/wikipedia/en_title/United_Armenia"
/m/026svcs	"Rosemary Esehagu"@en	"/wikipedia/en_title/Rosemary_Esehagu"
/m/026svq	"High Court of Justiciary"@en	"/wikipedia/en_title/High_Court_of_Justiciary"
/m/026szx5	"Georgia State Route 29"@en	"/wikipedia/en_title/Georgia_State_Route_29"
/m/026t1t3	"Hurricane Soccer & Track Stadium"@en	"/wikipedia/en_title/Hurricane_Soccer_$0026_Track_Stadium"
/m/026t5zl	"Johanna van Gogh-Bonger"@en	"/wikipedia/en_title/Johanna_van_Gogh-Bonger"
/m/026t9c8	"Paperhouse"@en	"/wikipedia/en_title/Paperhouse_$0028film$0029"
/m/026tby3	"Morten Karlsen"@en	"/wikipedia/en_title/Morten_Karlsen"
/m/026th3x	"Chris Kacher"@en	"/wikipedia/en_title/Chris_Kacher"
/m/026thn	"KXJB-TV mast"@en	"/wikipedia/en_title/KXJB-TV_mast"
/m/026tjy9	"Vladimir Gligorov"@en	"/wikipedia/en_title/Vladimir_Gligorov"
/m/026v93t	"Jbeil District"@en	"/wikipedia/en_title/Jbeil_District"
/m/026v9ll	"Danny Langsdorf"@en	"/wikipedia/en_title/Danny_Langsdorf"
/m/026vkyg	"Samyukta Karnataka"@en	"/wikipedia/en_title/Samyukta_Karnataka"
/m/026vsvk	"Butler Point Whaling Museum"@en	"/wikipedia/en_title/Butler_Point_Whaling_Museum"
/m/026vzrs	"George Bennet"@en	"/wikipedia/en_title/George_Bennet"
/m/026w3wh	"Rockall Basin"@en	"/wikipedia/en_title/Rockall_Basin"
/m/026w6l7	"Campestre"@en	"/wikipedia/en_title/Campestre"
/m/026w843	"Eton Park Capital Management"@en	"/wikipedia/en_title/Eton_Park_Capital_Management"
/m/026whcc	"Theodore Sherman Palmer"@en	"/wikipedia/en_title/Theodore_Sherman_Palmer"
/m/026wn6g	"Lehigh Gorge Trail"@en	"/wikipedia/en_title/Lehigh_Gorge_Trail"
/m/026wnfb	"Samuel A. Smith"@en	"/wikipedia/en_title/Samuel_A$002E_Smith"
/m/026wpb6	"George W. Joy"@en	"/wikipedia/en_title/George_W$002E_Joy"
/m/026wtmv	"Louis Harold Gray"@en	"/wikipedia/en_title/Louis_Harold_Gray"
/m/026wtyg	"Shire of Banana"@en	"/wikipedia/en_title/Shire_of_Banana"
/m/026wy15	"Finding Cassie Crazy"@en	"/wikipedia/en_title/Finding_Cassie_Crazy"
/m/026wysx	"Mike Cooley"@en	"/wikipedia/en_title/Mike_Cooley"
/m/026x16y	"Harry McCormick"@en	"/wikipedia/en_title/Harry_McCormick"
/m/026xp9	"English Democrats"@en	"/wikipedia/en_title/English_Democrats"
/m/026xxtz	"Rodolfo P. Hernandez"@en	"/wikipedia/en_title/Rodolfo_P$002E_Hernandez"
/m/026xy70	"Jacobi Robinson"@en	"/wikipedia/en_title/Jacobi_Robinson"
/m/026y3yn	"Joy Brook"@en	"/wikipedia/en_title/Joy_Brook"
/m/026y860	"Nexcom Bulgaria"@en	"/wikipedia/en_title/Nexcom_Bulgaria"
/m/026ydfg	"Darkest Africa"@en	"/wikipedia/en_title/Darkest_Africa"
/m/026yf5j	"Anthony Gorman"@en	"/wikipedia/en_title/Anthony_Gorman"
/m/026ym7t	"Zvezdana Popović"@en	"/wikipedia/en_title/Zvezdana_Popovi$0107"
/m/026ymn5	"Old Mill School"@en	"/wikipedia/en_title/Old_Mill_School_$0028Mill_Valley$002C_California$0029"
/m/026yxnj	"Kitaw Ejigu"@en	"/wikipedia/en_title/Kitaw_Ejigu"
/m/026yxrz	"Germán Herrera"@en	"/wikipedia/en_title/Germ$00E1n_Herrera"
/m/026yyz3	"Lucky Office"@en	"/wikipedia/en_title/Lucky_Office"
/m/026yz49	"Saeeduzzaman Siddiqui"@en	"/wikipedia/en_title/Saeeduzzaman_Siddiqui"
/m/026z54h	"Ursus of Auxerre"@en	"/wikipedia/en_title/Ursus_of_Auxerre"
/m/026z84f	"William Chester Lankford"@en	"/wikipedia/en_title/William_Chester_Lankford"
/m/026zfdy	"Thomas Walker"@en	"/wikipedia/en_title/Thomas_Walker_$0028Canadian_politician$0029"
/m/026zmxb	"Norwood College"@en	"/wikipedia/en_title/Norwood_College"
/m/026zr5y	"Garsdale"@en	"/wikipedia/en_title/Garsdale"
/m/027020c	"Kamen Rider Den-O"@en	"/wikipedia/en_title/Kamen_Rider_Den-O_$0028character$0029"
/m/02704__	"Kaila devi"@en	"/wikipedia/en_title/Kaila_devi"
/m/0270642	"Adorcelino Wesley Gomes da Silva"@en	"/wikipedia/en_title/Adorcelino_Wesley_Gomes_da_Silva"
/m/0270nv8	"Ken Monteith"@en	"/wikipedia/en_title/Ken_Monteith"
/m/0270sqh	"Baykit Airport"@en	"/wikipedia/en_title/Baykit_Airport"
/m/0270zz8	"Bahía Kino"@en	"/wikipedia/en_title/Bah$00EDa_Kino"
/m/0271hhh	"Hugues Heney"@en	"/wikipedia/en_title/Hugues_Heney"
/m/0271ny3	"Maurice Martenot"@en	"/wikipedia/en_title/Maurice_Martenot"
/m/0271xmf	"Doris Grove"@en	"/wikipedia/en_title/Doris_Grove"
/m/0271y37	"Buck Belue"@en	"/wikipedia/en_title/Buck_Belue"
/m/0271zvl	"Gare de Champagne-Ardenne TGV"@en	"/wikipedia/en_title/Gare_de_Champagne-Ardenne_TGV"
/m/02722fr	"Shire of Burke"@en	"/wikipedia/en_title/Shire_of_Burke"
/m/0272j7_	"KXXT"@en	"/wikipedia/en_title/KXXT"
/m/0272zfl	"Lake Tulos"@en	"/wikipedia/en_title/Lake_Tulos"
/m/02730ch	"Borzou Daragahi"@en	"/wikipedia/en_title/Borzou_Daragahi"
/m/027316b	"Markeith Knowlton"@en	"/wikipedia/en_title/Markeith_Knowlton"
/m/027339c	"Yasoob Football Field"@en	"/wikipedia/en_title/Yasoob_Football_Field"
/m/027356y	"Babe Ziegenhorn"@en	"/wikipedia/en_title/Babe_Ziegenhorn"
/m/0273mz	"Joseph Montgomery"@en	"/wikipedia/en_title/Joseph_Montgomery"
/m/0273qbr	"Kim Seung-woo"@en	"/wikipedia/en_title/Kim_Seung-woo"
/m/0273qyp	"University of Alberta Faculté Saint-Jean"@en	"/wikipedia/en_title/University_of_Alberta_Facult$00E9_Saint-Jean"
/m/0273rl9	"Christopher Morris"@en	"/wikipedia/en_title/Christopher_Morris_$0028photographer$0029"
/m/0273s01	"Pier Francesco Foschi"@en	"/wikipedia/en_title/Pier_Francesco_Foschi"
/m/02741bk	"Sonja Kesselschläger"@en	"/wikipedia/en_title/Sonja_Kesselschl$00E4ger"
/m/0274_x6	"Gebeng"@en	"/wikipedia/en_title/Gebeng"
/m/0274g5q	"Crime School"@en	"/wikipedia/en_title/Crime_School"
/m/0274txz	"Dyagilevo"@en	"/wikipedia/en_title/Dyagilevo"
/m/0274vvj	"Sam Shoemaker"@en	"/wikipedia/en_title/Sam_Shoemaker"
/m/0274znm	"Westfield School"@en	"/wikipedia/en_title/Westfield_Sports_College"
/m/0275098	"Norton Hughes-Hallett"@en	"/wikipedia/en_title/Norton_Hughes-Hallett"
/m/027520z	"Euphrates College"@en	"/wikipedia/en_title/Euphrates_College"
/m/02756rc	"Wason Manufacturing Company"@en	"/wikipedia/en_title/Wason_Manufacturing_Company"
/m/0275c6t	"Tokara Islands"@en	"/wikipedia/en_title/Tokara_Islands"
/m/0275hfz	"Habshan"@en	"/wikipedia/en_title/Habshan"
/m/02765x9	"Tony Monopoly"@en	"/wikipedia/en_title/Tony_Monopoly"
/m/0276klf	"Joseph Marshall"@en	"/wikipedia/en_title/Joseph_Marshall"
/m/0276lrm	"Florian Ballhaus"@en	"/wikipedia/en_title/Florian_Ballhaus"
/m/0276np6	"BALS Corporation"@en	"/wikipedia/en_title/BALS_Corporation"
/m/02774jb	"José Manuel de Ezpeleta, 1st Count of Ezpeleta de Beire"@en	"/wikipedia/en_title/Jos$00E9_Manuel_de_Ezpeleta$002C_1st_Count_of_Ezpeleta_de_Beire"
/m/02776ch	"Southern High School"@en	"/wikipedia/en_title/Southern_High_School_$0028Racine$002C_Ohio$0029"
/m/02776nf	"Linda Arsenio"@en	"/wikipedia/en_title/Linda_Arsenio"
/m/0277ks8	"William Southam"@en	"/wikipedia/en_title/William_Southam"
/m/0277kw0	"Centipede"@en	"/wikipedia/en_title/Centipede_$00281998_video_game$0029"
/m/0277lbv	"Bear River"@en	"/wikipedia/en_title/Bear_River$002C_Wyoming"
/m/0277sp6	"Budget Truck Rental"@en	"/wikipedia/en_title/Budget_Truck_Rental"
/m/0278105	"Twenty-Four Eyes"@en	"/wikipedia/en_title/Twenty-Four_Eyes"
/m/0278_gq	"Gagnon, Quebec"@en	"/wikipedia/en_title/Gagnon$002C_Quebec"
/m/0278g1p	"Elizabeth Margaret Chandler"@en	"/wikipedia/en_title/Elizabeth_Margaret_Chandler"
/m/0278rjq	"The Flesh Mask"@en	"/wikipedia/en_title/The_Flesh_Mask"
/m/0279c9s	"Dan Greenberg"@en	"/wikipedia/en_title/Dan_Greenberg"
/m/0279dfj	"Marcin Drajer"@en	"/wikipedia/en_title/Marcin_Drajer"
/m/0279jgv	"Inferno"@en	"/wikipedia/en_title/Inferno_$0028demon$0029"
/m/0279kqd	"John Martin O'Keefe"@en	"/wikipedia/en_title/John_Martin_O$0027Keefe"
/m/0279n6l	"Saskatchewan Highway 782"@en	"/wikipedia/en_title/Saskatchewan_Highway_782"
/m/0279yrv	"Joanne Horniman"@en	"/wikipedia/en_title/Joanne_Horniman"
/m/027_071	"Dennis Störl"@en	"/wikipedia/en_title/Dennis_St$00F6rl"
/m/027_61s	"Elwood Haynes"@en	"/wikipedia/en_title/Elwood_Haynes"
/m/027_8vw	"Haimhausen"@en	"/wikipedia/en_title/Haimhausen"
/m/027_qh_	"Raphael Montañez Ortiz"@en	"/wikipedia/en_title/Raphael_Monta$00F1ez_Ortiz"
/m/027_z6r	"Jean Pélégri"@en	"/wikipedia/en_title/Jean_P$00E9l$00E9gri"
/m/027b0hy	"Solomon's Song"@en	"/wikipedia/en_title/Solomon$0027s_Song"
/m/027bk8f	"Hussain Haroon"@en	"/wikipedia/en_title/Hussain_Haroon"
/m/027brjb	"Commercial Press"@en	"/wikipedia/en_title/Commercial_Press"
/m/027btj_	"Gregory-Portland High School"@en	"/wikipedia/en_title/Gregory-Portland_High_School"
/m/027bxwc	"Ruth Morris"@en	"/wikipedia/en_title/Ruth_Morris"
/m/027c10r	"Bethesda Magazine"@en	"/wikipedia/en_title/Bethesda_Magazine"
/m/027cd01	"KKYX"@en	"/wikipedia/en_title/KKYX"
/m/027cy1x	"Jakup Mato"@en	"/wikipedia/en_title/Jakup_Mato"
/m/027d4hl	"The Ritz"@en	"/wikipedia/en_title/The_Ritz_$0028play$0029"
/m/027d4j8	"Dean Florez"@en	"/wikipedia/en_title/Dean_Florez"
/m/027d4mq	"Justin Abdelkader"@en	"/wikipedia/en_title/Justin_Abdelkader"
/m/027dcjv	"Elizabeth H. Field"@en	"/wikipedia/en_title/Elizabeth_H$002E_Field"
/m/027dd7y	"St Paul's Grammar School"@en	"/wikipedia/en_title/St_Paul$0027s_Grammar_School"
/m/027df0p	"Third Street"@en	"/wikipedia/en_title/Third_Street_$0028Hong_Kong$0029"
/m/027dkxv	"U.S. Route 45 in Wisconsin"@en	"/wikipedia/en_title/U$002ES$002E_Route_45_in_Wisconsin"
/m/027dmgp	"78th Independent Infantry Regiment"@en	"/wikipedia/en_title/78th_Independent_Infantry_Regiment_$0028North_Korea$0029"
/m/027f26b	"Rodrigo Millar"@en	"/wikipedia/en_title/Rodrigo_Millar"
/m/027f5f7	"Stuttgart Open"@en	"/wikipedia/en_title/Stuttgart_Open"
/m/027f8lp	"The New Jerusalem"@en	"/wikipedia/en_title/The_New_Jerusalem_$0028Gilbert_book$0029"
/m/027fcsg	"Stephen Jaffe"@en	"/wikipedia/en_title/Stephen_Jaffe"
/m/027flc8	"Lisvany Pérez"@en	"/wikipedia/en_title/Lisvany_P$00E9rez"
/m/027fr4p	"Neshama Carlebach"@en	"/wikipedia/en_title/Neshama_Carlebach"
/m/027fr94	"Queen Alexandra Stakes"@en	"/wikipedia/en_title/Queen_Alexandra_Stakes"
/m/027frvb	"Ander Monson"@en	"/wikipedia/en_title/Ander_Monson"
/m/027fz7c	"Cheng Li-wen"@en	"/wikipedia/en_title/Cheng_Li-wen"
/m/027fzw9	"The Talisman Ring"@en	"/wikipedia/en_title/The_Talisman_Ring"
/m/027g06m	"Centennial Park, Christchurch"@en	"/wikipedia/en_title/Centennial_Park$002C_Christchurch"
/m/027g442	"Storylines of Shortland Street"@en	"/wikipedia/en_title/Storylines_of_Shortland_Street_$00282001$0029"
/m/027gb42	"The Cookie Lady"@en	"/wikipedia/en_title/The_Cookie_Lady"
/m/027gcq5	"Alonso de Contreras"@en	"/wikipedia/en_title/Alonso_de_Contreras"
/m/027ggcs	"Saskatchewan Highway 603"@en	"/wikipedia/en_title/Saskatchewan_Highway_603"
/m/027ghh	"American Muslims Intent on Learning and Activism"@en	"/wikipedia/en_title/American_Muslims_Intent_on_Learning_and_Activism"
/m/027gmp_	"Roger-Bernard I, Count of Foix"@en	"/wikipedia/en_title/Roger-Bernard_I$002C_Count_of_Foix"
/m/027gvwf	"Karel Piták"@en	"/wikipedia/en_title/Karel_Pit$00E1k"
/m/027h1qw	"Donaldson International Airways"@en	"/wikipedia/en_title/Donaldson_International_Airways"
/m/027h24b	"George H. Olmsted"@en	"/wikipedia/en_title/George_H$002E_Olmsted"
/m/027h7hy	"Rock Allen"@en	"/wikipedia/en_title/Rock_Allen"
/m/027h8vl	"Montclair"@en	"/wikipedia/en_title/Montclair$002C_Denver"
/m/027h9hk	"Kevin Amuneke"@en	"/wikipedia/en_title/Kevin_Amuneke"
/m/027h_8g	"Jorge Rodríguez"@en	"/wikipedia/en_title/Jorge_Rodr$00EDguez_$0028politician$0029"
/m/027hb0f	"104th meridian west"@en	"/wikipedia/en_title/104th_meridian_west"
/m/027hj0c	"The Shrimp on the Barbie"@en	"/wikipedia/en_title/The_Shrimp_on_the_Barbie"
/m/027hl75	"Henry Box School"@en	"/wikipedia/en_title/Henry_Box_School"
/m/027hpsq	"Time Bandits"@en	"/wikipedia/en_title/Time_Bandits_$0028band$0029"
/m/027jg2n	"Joseph Holbrook"@en	"/wikipedia/en_title/Joseph_Holbrook"
/m/027k1k3	"Charles W. Upham"@en	"/wikipedia/en_title/Charles_Wentworth_Upham"
/m/027k3h0	"Bertie Blackman"@en	"/wikipedia/en_title/Bertie_Blackman"
/m/027k5tb	"Richard Canal"@en	"/wikipedia/en_title/Richard_Canal"
/m/027k617	"Manual High School"@en	"/wikipedia/en_title/Manual_High_School_$0028Peoria$002C_Illinois$0029"
/m/027k9vb	"Joseph-Isidore Bédard"@en	"/wikipedia/en_title/Joseph-Isidore_B$00E9dard"
/m/027k9xd	"Fairmont State Airfield"@en	"/wikipedia/en_title/Fairmont_State_Airfield"
/m/027kch8	"Louis Beaubien"@en	"/wikipedia/en_title/Louis_Beaubien"
/m/027kkmm	"Pinhão"@en	"/wikipedia/en_title/Pinh$00E3o$002C_Sergipe"
/m/027kshp	"Violet L. Fisher"@en	"/wikipedia/en_title/Violet_L$002E_Fisher"
/m/027kslf	"Calvin Coolidge, Jr."@en	"/wikipedia/en_title/Calvin_Coolidge$002C_Jr$002E"
/m/027kvmt	"Rhian Ramos"@en	"/wikipedia/en_title/Rhian_Ramos"
/m/027kwjb	"Davide Danti"@en	"/wikipedia/en_title/Davide_Danti"
/m/027l9sn	"Ken Hunter"@en	"/wikipedia/en_title/Ken_Hunter"
/m/027lpyq	"High Synagogue, Kraków"@en	"/wikipedia/en_title/High_Synagogue$002C_Krak$00F3w"
/m/027lq1h	"Jeremy Summers"@en	"/wikipedia/en_title/Jeremy_Summers"
/m/027lqqt	"Terry Brown"@en	"/wikipedia/en_title/Terry_Brown_$0028record_producer$0029"
/m/027lvdv	"Leslie H. Southwick"@en	"/wikipedia/en_title/Leslie_H$002E_Southwick"
/m/027lvh7	"Munesa"@en	"/wikipedia/en_title/Munesa"
/m/027lwcf	"Central China Normal University"@en	"/wikipedia/en_title/Central_China_Normal_University"
/m/027lwtj	"Uashat-Maliotenam"@en	"/wikipedia/en_title/Uashat-Maliotenam"
/m/027m49m	"Engenheiro Paulo de Frontin"@en	"/wikipedia/en_title/Engenheiro_Paulo_de_Frontin"
/m/027m8mw	"Robert Hunt"@en	"/wikipedia/en_title/Robert_Hunt_$0028illustrator$0029"
/m/027mcqx	"Israel national ice hockey team"@en	"/wikipedia/en_title/Israel_national_ice_hockey_team"
/m/027mdrx	"Chet Williamson"@en	"/wikipedia/en_title/Chet_Williamson"
/m/027mjq	"De Hoeve"@en	"/wikipedia/en_title/De_Hoeve"
/m/027mnrt	"Petite-Île"@en	"/wikipedia/en_title/Petite-$00CEle"
/m/027mrtv	"Releasing the Bonds"@en	"/wikipedia/en_title/Releasing_the_Bonds"
/m/027mz_9	"Linda Kash"@en	"/wikipedia/en_title/Linda_Kash"
/m/027n42_	"Margaret Todd"@en	"/wikipedia/en_title/Margaret_Todd_$0028doctor$0029"
/m/027n8fk	"Bridget Cracroft-Eley"@en	"/wikipedia/en_title/Bridget_Cracroft-Eley"
/m/027ncb4	"Willow Glen"@en	"/wikipedia/en_title/Willow_Glen$002C_San_Jose$002C_California"
/m/027nckq	"Gaijin Entertainment"@en	"/wikipedia/en_title/Gaijin_Entertainment"
/m/027nd04	"Mawbima"@en	"/wikipedia/en_title/Mawbima"
/m/027nd60	"Sir Thomas Abdy, 1st Baronet, of Albyns"@en	"/wikipedia/en_title/Sir_Thomas_Abdy$002C_1st_Baronet$002C_of_Albyns"
/m/027nh0h	"Der weiße Rausch"@en	"/wikipedia/en_title/Der_wei$00DFe_Rausch_$2013_neue_Wunder_des_Schneeschuhs"
/m/027nszy	"Charles Taylor Sherman"@en	"/wikipedia/en_title/Charles_Taylor_Sherman"
/m/027nxvp	"Bogolyubov Prize for young scientists"@en	"/wikipedia/en_title/Bogolyubov_Prize_for_young_scientists"
/m/027p1v	"Chlodwig, Prince of Hohenlohe-Schillingsfürst"@en	"/wikipedia/en_title/Chlodwig$002C_Prince_of_Hohenlohe-Schillingsf$00FCrst"
/m/027pfw8	"Giuseppe Mengoni"@en	"/wikipedia/en_title/Giuseppe_Mengoni"
/m/027pncy	"Gonzalo Abán"@en	"/wikipedia/en_title/Gonzalo_Ab$00E1n"
/m/027ptgy	"George Andreasen"@en	"/wikipedia/en_title/George_Andreasen"
/m/027q43w	"Union Labor Life Insurance Company"@en	"/wikipedia/en_title/Union_Labor_Life_Insurance_Company"
/m/027q5t5	"Andrei Lutai"@en	"/wikipedia/en_title/Andrei_Lutai"
/m/027q9zk	"John Mickel"@en	"/wikipedia/en_title/John_Mickel"
/m/027qphk	"George Wright"@en	"/wikipedia/en_title/George_Wright_$0028footballer_born_1930$0029"
/m/027qx96	"Port of Ramsgate"@en	"/wikipedia/en_title/Port_of_Ramsgate"
/m/027qyxf	"Hasan Mashhud Chowdhury"@en	"/wikipedia/en_title/Hasan_Mashhud_Chowdhury"
/m/027qzjc	"Ólafur Stefánsson"@en	"/wikipedia/en_title/$00D3lafur_Stef$00E1nsson"
/m/027r3sc	"Julian Klaczko"@en	"/wikipedia/en_title/Julian_Klaczko"
/m/027r46h	"Ramona"@en	"/wikipedia/en_title/Ramona_$00281988_TV_series$0029"
/m/027r5wg	"Daniela Spanic"@en	"/wikipedia/en_title/Daniela_Spanic"
/m/027r9cr	"Calabash Brothers"@en	"/wikipedia/en_title/Calabash_Brothers"
/m/027rg5n	"Lunawanna, Tasmania"@en	"/wikipedia/en_title/Lunawanna$002C_Tasmania"
/m/027rl26	"Gunns Plains Cave"@en	"/wikipedia/en_title/Gunns_Plains_Cave"
/m/027s22v	"Stone Bridge"@en	"/wikipedia/en_title/Stone_Bridge$002C_Virginia"
/m/027s78x	"Luis Aranberri"@en	"/wikipedia/en_title/Luis_Aranberri"
/m/027s_f	"American University in Bulgaria"@en	"/wikipedia/en_title/American_University_in_Bulgaria"
/m/027sbhq	"Travis Jeppesen"@en	"/wikipedia/en_title/Travis_Jeppesen"
/m/027sbtb	"Leokadija Počikovska"@en	"/wikipedia/en_title/Leokadija_Po$010Dikovska"
/m/027sglp	"St. Luzisteig Pass"@en	"/wikipedia/en_title/St$002E_Luzisteig_Pass"
/m/027slpm	"Strzegowo"@en	"/wikipedia/en_title/Strzegowo"
/m/027sy6w	"Skene Square Primary School"@en	"/wikipedia/en_title/Skene_Square_Primary_School"
/m/027syh3	"Altindische Grammatik"@en	"/wikipedia/en_title/Altindische_Grammatik"
/m/027t0_l	"Zoltan Szalkai"@en	"/wikipedia/en_title/Zoltan_Szalkai"
/m/027t2kg	"Isabelle Stengers"@en	"/wikipedia/en_title/Isabelle_Stengers"
/m/027t__2	"Scott Nicholls"@en	"/wikipedia/en_title/Scott_Nicholls"
/m/027tc20	"Mud Creek Glacier"@en	"/wikipedia/en_title/Mud_Creek_Glacier"
/m/027tf2d	"Bauman–Eberhardt Center"@en	"/wikipedia/en_title/Bauman$2013Eberhardt_Center"
/m/027tz82	"Daimler Green"@en	"/wikipedia/en_title/Daimler_Green"
/m/027v1tw	"Denis Coolican"@en	"/wikipedia/en_title/Denis_Coolican"
/m/027v50q	"Atlantic semi-deciduous forests"@en	"/wikipedia/en_title/Atlantic_semi-deciduous_forests"
/m/027v8cb	"MS Zenobia"@en	"/wikipedia/en_title/MS_Zenobia"
/m/027vb2	"Mandaue"@en	"/wikipedia/en_title/Mandaue"
/m/027vdv4	"The Deal"@en	"/wikipedia/en_title/The_Deal_$00281983_film$0029"
/m/027vqwn	"Ké"@en	"/wikipedia/en_title/K$00E9"
/m/027vt14	"Inari-machi Station"@en	"/wikipedia/en_title/Inari-machi_Station_$0028Hiroshima$0029"
/m/027w7ln	"Philadelphia Art Alliance"@en	"/wikipedia/en_title/Philadelphia_Art_Alliance"
/m/027wl71	"Motile"@en	"/wikipedia/en_title/Motile_$0028record_label$0029"
/m/027wnm2	"Terra Indigena Xinane Isolados"@en	"/wikipedia/en_title/Terra_Indigena_Xinane_Isolados"
/m/027ww8f	"Fairlands"@en	"/wikipedia/en_title/Fairlands"
/m/027wy0n	"Theatre Royal, Exeter"@en	"/wikipedia/en_title/Theatre_Royal$002C_Exeter"
/m/027xbpj	"Dawson-Bryant High School"@en	"/wikipedia/en_title/Dawson-Bryant_High_School"
/m/027xmj7	"Jack Newfield"@en	"/wikipedia/en_title/Jack_Newfield"
/m/027xprd	"Ashmont"@en	"/wikipedia/en_title/Ashmont$002C_New_South_Wales"
/m/027xrdq	"Troy Tatterton"@en	"/wikipedia/en_title/Troy_Tatterton"
/m/027xsy5	"Z Sculpt"@en	"/wikipedia/en_title/Z_Sculpt"
/m/027yh84	"Ten Thousand Buddhas Monastery"@en	"/wikipedia/en_title/Ten_Thousand_Buddhas_Monastery"
/m/027yj4b	"Eduard Berzin"@en	"/wikipedia/en_title/Eduard_Berzin"
/m/027ym5_	"Josh Scogin"@en	"/wikipedia/en_title/Josh_Scogin"
/m/027ymhz	"Alexandra Mavrokordatou"@en	"/wikipedia/en_title/Alexandra_Mavrokordatou"
/m/027yqmd	"Colombia"@en	"/wikipedia/en_title/Columbia$002C_San_Diego"
/m/027yqpt	"The Ritz"@en	"/wikipedia/en_title/The_Ritz_$0028Manchester$0029"
/m/027ys3k	"Belthorn"@en	"/wikipedia/en_title/Belthorn"
/m/027yxt3	"Nishinoumi Kajirō III"@en	"/wikipedia/en_title/Nishinoumi_Kajir$014D_III"
/m/027z63l	"Zsolt Kürtösi"@en	"/wikipedia/en_title/Zsolt_K$00FCrt$00F6si"
/m/027z75z	"Foon Yew High School"@en	"/wikipedia/en_title/Foon_Yew_High_School"
/m/027z_05	"Óscar Alcides Mena"@en	"/wikipedia/en_title/$00D3scar_Alcides_Mena"
/m/027z_fy	"Prithviswara"@en	"/wikipedia/en_title/Prithviswara"
/m/027zhm	"Matthew Griswold"@en	"/wikipedia/en_title/Matthew_Griswold_$0028governor$0029"
/m/027zwb7	"Buiksloot"@en	"/wikipedia/en_title/Buiksloot"
/m/02800kr	"Casey at the Bat"@en	"/wikipedia/en_title/Casey_at_the_Bat_$0028film$0029"
/m/028055m	"Darryl Gee"@en	"/wikipedia/en_title/Darryl_Gee"
/m/0280__8	"Office of Population Research"@en	"/wikipedia/en_title/Office_of_Population_Research"
/m/0280gj1	"West Kent"@en	"/wikipedia/en_title/West_Kent_$0028UK_Parliament_constituency$0029"
/m/0280m1h	"Valence Cathedral"@en	"/wikipedia/en_title/Valence_Cathedral"
/m/0280nr3	"Ursula Pearson"@en	"/wikipedia/en_title/Ursula_Pearson"
/m/0280p3j	"Edward Henry Bickersteth"@en	"/wikipedia/en_title/Edward_Bickersteth_$0028bishop_of_Exeter$0029"
/m/0280r46	"Robert Gidehag"@en	"/wikipedia/en_title/Robert_Gidehag"
/m/0280ycb	"Berchtesgaden Provostry"@en	"/wikipedia/en_title/Berchtesgaden_Provostry"
/m/0281c8_	"The Exploits of Chevalier Dupin"@en	"/wikipedia/en_title/The_Exploits_of_Chevalier_Dupin"
/m/0281mrv	"T3Media"@en	"/wikipedia/en_title/T3Media"
/m/0281r32	"Talarn Dam"@en	"/wikipedia/en_title/Talarn_Dam"
/m/0281s8y	"Skeffling"@en	"/wikipedia/en_title/Skeffling"
/m/02820t0	"Santo Antônio das Missões"@en	"/wikipedia/en_title/Santo_Ant$00F4nio_das_Miss$00F5es"
/m/02821vq	"Nova Southeastern University College of Osteopathic Medicine"@en	"/wikipedia/en_title/Nova_Southeastern_University_College_of_Osteopathic_Medicine"
/m/028227s	"Islamic Foundation School"@en	"/wikipedia/en_title/Islamic_Foundation_School"
/m/02828zp	"Namuchi Takumi"@en	"/wikipedia/en_title/Namuchi_Takumi"
/m/0282jcy	"Priyamani"@en	"/wikipedia/en_title/Priyamani"
/m/0282l9t	"Charles Grey"@en	"/wikipedia/en_title/Charles_Grey_$0028The_Unit$0029"
/m/0282pfj	"Swan Township"@en	"/wikipedia/en_title/Swan_Township$002C_Vinton_County$002C_Ohio"
/m/0282rxm	"Frédéric Laurent"@en	"/wikipedia/en_title/Fr$00E9d$00E9ric_Laurent"
/m/0282tnw	"Cable Airport"@en	"/wikipedia/en_title/Cable_Airport"
/m/0282xpv	"Ajit Swaran Singh"@en	"/wikipedia/en_title/Ajit_Swaran_Singh"
/m/0282z72	"Metz–Nancy–Lorraine Airport"@en	"/wikipedia/en_title/Metz$2013Nancy$2013Lorraine_Airport"
/m/02832m0	"Seethakoka Chilaka"@en	"/wikipedia/en_title/Seethakoka_Chiluka_$00281981_film$0029"
/m/02838mn	"Edmonds"@en	"/wikipedia/en_title/Edmonds_$0028Amtrak_station$0029"
/m/0283fby	"Washington Township"@en	"/wikipedia/en_title/Washington_Township$002C_Guernsey_County$002C_Ohio"
/m/0283gf	"The Seduction of Mimi"@en	"/wikipedia/en_title/The_Seduction_of_Mimi"
/m/0283hyv	"Albești, Botoșani"@en	"/wikipedia/en_title/Albe$0219ti$002C_Boto$0219ani"
/m/0283q44	"The Fancies Chaste and Noble"@en	"/wikipedia/en_title/The_Fancies_Chaste_and_Noble"
/m/0283rsg	"Lemnos International Airport"@en	"/wikipedia/en_title/Lemnos_International_Airport"
/m/0283s__	"Count Bobby"@en	"/wikipedia/en_title/Count_Bobby"
/m/02844y	"Nigel Waterson"@en	"/wikipedia/en_title/Nigel_Waterson"
/m/0284p74	"Lactodurum"@en	"/wikipedia/en_title/Lactodurum"
/m/0284sph	"Sasha Valentine"@en	"/wikipedia/en_title/Sasha_Valentine"
/m/02855qm	"Guiga Lyes Ben Laroussi"@en	"/wikipedia/en_title/Guiga_Lyes_Ben_Laroussi"
/m/0285b4p	"Sam Irving"@en	"/wikipedia/en_title/Sam_Irving"
/m/0285j44	"Catholic Scouts of Europe"@en	"/wikipedia/en_title/Catholic_Scouts_of_Europe"
/m/0285k7x	"Abigail Pietersen"@en	"/wikipedia/en_title/Abigail_Pietersen"
/m/0285mcp	"Madison Township"@en	"/wikipedia/en_title/Madison_Township$002C_Lake_County$002C_Ohio"
/m/0285wkc	"Adalric of Gascony"@en	"/wikipedia/en_title/Adalric_of_Gascony"
/m/02861wv	"Aheri, Gadchiroli"@en	"/wikipedia/en_title/Aheri$002C_Gadchiroli"
/m/02863v2	"Year of Wonders"@en	"/wikipedia/en_title/Year_of_Wonders"
/m/0286nwh	"Eric John Holmyard"@en	"/wikipedia/en_title/Eric_John_Holmyard"
/m/0286p9y	"Mystic Valley Parkway"@en	"/wikipedia/en_title/Mystic_Valley_Parkway"
/m/0286t0j	"Mucking Marshes Landfill"@en	"/wikipedia/en_title/Mucking_Marshes_Landfill"
/m/0286whl	"Baburam Acharya"@en	"/wikipedia/en_title/Baburam_Acharya"
/m/02870__	"Irish Collegiate Handball Association"@en	"/wikipedia/en_title/Irish_Collegiate_Handball_Association"
/m/02876d	"Lewis Moonie, Baron Moonie"@en	"/wikipedia/en_title/Lewis_Moonie$002C_Baron_Moonie"
/m/0287_lt	"Ligue internationale de la paix"@en	"/wikipedia/en_title/Ligue_internationale_de_la_paix"
/m/0287p1d	"Malton and Driffield Railway"@en	"/wikipedia/en_title/Malton_and_Driffield_Railway"
/m/0287rqc	"Perry Township"@en	"/wikipedia/en_title/Perry_Township$002C_Pickaway_County$002C_Ohio"
/m/0287tdq	"Fox Township"@en	"/wikipedia/en_title/Fox_Township$002C_Kendall_County$002C_Illinois"
/m/0288303	"Kure Line"@en	"/wikipedia/en_title/Kure_Line"
/m/02886xm	"Shah Makhdum Airport"@en	"/wikipedia/en_title/Shah_Makhdum_Airport"
/m/0288b_9	"Elyaniv Barda"@en	"/wikipedia/en_title/Elyaniv_Barda"
/m/0288gnk	"Canton of Thorigny-sur-Marne"@en	"/wikipedia/en_title/Canton_of_Thorigny-sur-Marne"
/m/0288k16	"Christian Schwarzer"@en	"/wikipedia/en_title/Christian_Schwarzer"
/m/0288mvp	"Kip Addotta"@en	"/wikipedia/en_title/Kip_Addotta"
/m/0288ydk	"Karen Smithies"@en	"/wikipedia/en_title/Karen_Smithies"
/m/0289l95	"Iowa Highway 78"@en	"/wikipedia/en_title/Iowa_Highway_78"
/m/0289lbx	"Caleb Claiborne Herbert"@en	"/wikipedia/en_title/Caleb_Claiborne_Herbert"
/m/028b8z1	"Marion Township"@en	"/wikipedia/en_title/Marion_Township$002C_Lee_County$002C_Illinois"
/m/028c4mt	"The Fighting Lady"@en	"/wikipedia/en_title/The_Fighting_Lady"
/m/028c6gl	"Hatiya, Bangladesh"@en	"/wikipedia/en_title/Hatiya_Upazila"
/m/028gkz	"María Antonieta de las Nieves"@en	"/wikipedia/en_title/Mar$00EDa_Antonieta_de_las_Nieves"
/m/028k98	"Napoleon B. Broward"@en	"/wikipedia/en_title/Napoleon_B$002E_Broward"
/m/028ndf	"Henri Maillardet"@en	"/wikipedia/en_title/Henri_Maillardet"
/m/028sj7	"Salaheddine Bahaaeddin"@en	"/wikipedia/en_title/Salaheddine_Bahaaeddin"
/m/028t6w	"Baqir Jabr al-Zubeidi"@en	"/wikipedia/en_title/Baqir_Jabr_al-Zubeidi"
/m/02943	"Doctrine and Covenants"@en	"/wikipedia/en_title/Doctrine_and_Covenants"
/m/0297hf	"Covasna"@en	"/wikipedia/en_title/Covasna"
/m/029_c4	"Qacha's Nek"@en	"/wikipedia/en_title/Qacha$0027s_Nek"
/m/029cpd	"Benetton Formula"@en	"/wikipedia/en_title/Benetton_Formula"
/m/029qfr	"Huambo Province"@en	"/wikipedia/en_title/Huambo_Province"
/m/029ttk	"Joan Ryan"@en	"/wikipedia/en_title/Joan_Ryan"
/m/029wfg	"Donald Coggan"@en	"/wikipedia/en_title/Donald_Coggan"
/m/029ybg	"Sioux Falls Skyforce"@en	"/wikipedia/en_title/Sioux_Falls_Skyforce"
/m/02__q8	"Santos Benavides"@en	"/wikipedia/en_title/Santos_Benavides"
/m/02_r9v	"Christchurch Mansion"@en	"/wikipedia/en_title/Christchurch_Mansion"
/m/02_sd1	"Gerald Nye"@en	"/wikipedia/en_title/Gerald_Nye"
/m/02_xf0	"Rajputana Agency"@en	"/wikipedia/en_title/Rajputana_Agency"
/m/02_xg3	"Loughborough Junction railway station"@en	"/wikipedia/en_title/Loughborough_Junction_railway_station"
/m/02b01l	"Fiona Jones"@en	"/wikipedia/en_title/Fiona_Jones"
/m/02b3yt	"Rick Glazier"@en	"/wikipedia/en_title/Rick_Glazier"
/m/02b4_x	"Patrick J. Ballantine"@en	"/wikipedia/en_title/Patrick_J$002E_Ballantine"
/m/02b7m6	"Utah Territory"@en	"/wikipedia/en_title/Utah_Territory"
/m/02bg2_	"Arizona Territory"@en	"/wikipedia/en_title/Arizona_Territory"
/m/02bsy_	"Denver"@en	"/wikipedia/en_title/Denver$002C_Norfolk"
/m/02cdqq	"Melody Maker"@en	"/wikipedia/en_title/Melody_Maker"
/m/02cft	"Dublin"@en	"/wikipedia/en_title/Dublin"
/m/02ch9t	"Dexter"@en	"/wikipedia/en_title/Dexter$002C_Maine"
/m/02clzh	"Ilmarë"@en	"/wikipedia/en_title/Ilmar$00EB"
/m/02cnj7	"Twelfth Air Force"@en	"/wikipedia/en_title/Twelfth_Air_Force"
/m/02cq6x	"Dornier Do 10"@en	"/wikipedia/en_title/Dornier_Do_10"
/m/02cqpq	"Paneriai"@en	"/wikipedia/en_title/Paneriai"
/m/02cyd2	"Frederick Peake"@en	"/wikipedia/en_title/Frederick_Peake"
/m/02d5zn	"North Sinai Governorate"@en	"/wikipedia/en_title/North_Sinai_Governorate"
/m/02d6lg	"Victoria Ruffo"@en	"/wikipedia/en_title/Victoria_Ruffo"
/m/02d8p0	"Nishimatsuura District, Saga"@en	"/wikipedia/en_title/Nishimatsuura_District$002C_Saga"
/m/02d9qk	"Ancient Anguish"@en	"/wikipedia/en_title/Ancient_Anguish"
/m/02dhnd	"Mostafa Tajzadeh"@en	"/wikipedia/en_title/Mostafa_Tajzadeh"
/m/02dkb8	"Abdul Ahad Mohmand"@en	"/wikipedia/en_title/Abdul_Ahad_Mohmand"
/m/02dl7n	"Victoria & Alfred Waterfront"@en	"/wikipedia/en_title/Victoria_$0026_Alfred_Waterfront"
/m/02dnmt	"Michael Nolan, Baron Nolan"@en	"/wikipedia/en_title/Michael_Nolan$002C_Baron_Nolan"
/m/02dv34	"Simon R. Green"@en	"/wikipedia/en_title/Simon_R$002E_Green"
/m/02dv9z	"Vladimir Bartol"@en	"/wikipedia/en_title/Vladimir_Bartol"
/m/02dxtq	"Pleistoanax"@en	"/wikipedia/en_title/Pleistoanax"
/m/02f9lw	"Achaeus of Eretria"@en	"/wikipedia/en_title/Achaeus_of_Eretria"
/m/02f_nl	"Computer Music Center"@en	"/wikipedia/en_title/Computer_Music_Center"
/m/02fmvn	"Liberal-Progressive"@en	"/wikipedia/en_title/Liberal-Progressive"
/m/02fr3w	"Anne Applebaum"@en	"/wikipedia/en_title/Anne_Applebaum"
/m/02fzhf	"Carlo Saraceni"@en	"/wikipedia/en_title/Carlo_Saraceni"
/m/02g54d	"Prairie Island Indian Community"@en	"/wikipedia/en_title/Prairie_Island_Indian_Community"
/m/02h4gn	"Mariza"@en	"/wikipedia/en_title/Mariza"
/m/02h94m	"Florent Schmitt"@en	"/wikipedia/en_title/Florent_Schmitt"
/m/02hgctx	"Charalambos Cholidis"@en	"/wikipedia/en_title/Charalambos_Cholidis"
/m/02hgnw0	"Heidemarie Reineck"@en	"/wikipedia/en_title/Heidemarie_Reineck"
/m/02hhj1	"Scottish Qualifications Authority"@en	"/wikipedia/en_title/Scottish_Qualifications_Authority"
/m/02hjm28	"Josef Ruzicka"@en	"/wikipedia/en_title/Josef_R$016F$017Ei$010Dka"
/m/02hyqk	"Brian Fargo"@en	"/wikipedia/en_title/Brian_Fargo"
/m/02j0z9	"Misato, Tokushima"@en	"/wikipedia/en_title/Misato$002C_Tokushima"
/m/02j3f5	"Marc Denis"@en	"/wikipedia/en_title/Marc_Denis"
/m/02j9jg	"Porte de Pantin"@en	"/wikipedia/en_title/Porte_de_Pantin_$0028Paris_M$00E9tro$0029"
/m/02jg66	"Paavo Susitaival"@en	"/wikipedia/en_title/Paavo_Susitaival"
/m/02jmrc	"Danny Baker"@en	"/wikipedia/en_title/Danny_Baker"
/m/02jp25	"Nancy Harkness Love"@en	"/wikipedia/en_title/Nancy_Harkness_Love"
/m/02k_43	"Ruhleben Barracks"@en	"/wikipedia/en_title/Ruhleben_Barracks"
/m/02kf8q	"Woolworths Limited"@en	"/wikipedia/en_title/Woolworths_Limited"
/m/02l8tf	"Atacama Large Millimeter Array"@en	"/wikipedia/en_title/Atacama_Large_Millimeter_Array"
/m/02l9p3	"Woleai"@en	"/wikipedia/en_title/Woleai"
/m/02lbb_	"Kemal Sunal"@en	"/wikipedia/en_title/Kemal_Sunal"
/m/02lbsz	"Gustave Charpentier"@en	"/wikipedia/en_title/Gustave_Charpentier"
/m/02ljpw	"Togodumnus"@en	"/wikipedia/en_title/Togodumnus"
/m/02lkmf	"Kojima District, Okayama"@en	"/wikipedia/en_title/Kojima_District$002C_Okayama"
/m/02lm19	"Kirribilli House"@en	"/wikipedia/en_title/Kirribilli_House"
/m/02lm9n	"Boorowa"@en	"/wikipedia/en_title/Boorowa"
/m/02lvyr	"Will Oldham"@en	"/wikipedia/en_title/Will_Oldham"
/m/02m59s	"John Harman"@en	"/wikipedia/en_title/John_Harman_$0028British_politician$0029"
/m/02m9gg	"Miami International Mall"@en	"/wikipedia/en_title/Miami_International_Mall"
/m/02mf9v	"International Epidemiological Association"@en	"/wikipedia/en_title/International_Epidemiological_Association"
/m/02ms40	"Baseball Ground"@en	"/wikipedia/en_title/Baseball_Ground"
/m/02n8v7	"Ratak Chain"@en	"/wikipedia/en_title/Ratak_Chain"
/m/02nlqk	"Lawrence O'Brien"@en	"/wikipedia/en_title/Lawrence_O$0027Brien"
/m/02nmsj	"Yatsuka District, Shimane"@en	"/wikipedia/en_title/Yatsuka_District$002C_Shimane"
/m/02nrrw	"John Steakley"@en	"/wikipedia/en_title/John_Steakley"
/m/02nstt	"GunBound"@en	"/wikipedia/en_title/GunBound"
/m/02nycb	"City of Manchester Stadium"@en	"/wikipedia/en_title/City_of_Manchester_Stadium"
/m/02p0xz	"Whakatane"@en	"/wikipedia/en_title/Whakatane"
/m/02p3_h	"École Nationale de la Statistique et de l'Administration Économique"@en	"/wikipedia/en_title/ENSAE_ParisTech"
/m/02p3r4	"National Australia Bank"@en	"/wikipedia/en_title/National_Australia_Bank"
/m/02p5mjh	"Greifenberg"@en	"/wikipedia/en_title/Greifenberg"
/m/02p6qz6	"The Peterkin Papers"@en	"/wikipedia/en_title/The_Peterkin_Papers"
/m/02p_6rt	"Wewak Airport"@en	"/wikipedia/en_title/Wewak_Airport"
/m/02p_71f	"Byron Howes House"@en	"/wikipedia/en_title/Byron_Howes_House"
/m/02p_94t	"William Dyess"@en	"/wikipedia/en_title/William_Dyess"
/m/02p_ns7	"The Human Comedy"@en	"/wikipedia/en_title/The_Human_Comedy_$0028musical$0029"
/m/02p_q80	"Kavinsky"@en	"/wikipedia/en_title/Kavinsky"
/m/02p_vpb	"Bischweier"@en	"/wikipedia/en_title/Bischweier"
/m/02pdj9	"Chang'an University"@en	"/wikipedia/en_title/Chang$0027an_University"
/m/02pdj9p	"May"@en	"/wikipedia/en_title/May_$0028singer$0029"
/m/02pgk12	"Rules of Deception"@en	"/wikipedia/en_title/Rules_of_Deception"
/m/02pgt21	"Norman England"@en	"/wikipedia/en_title/Norman_England_$0028director$0029"
/m/02pgvh1	"Tinus du Plessis"@en	"/wikipedia/en_title/Tinus_du_Plessis"
/m/02ph6mw	"Revive"@en	"/wikipedia/en_title/Revive_$0028band$0029"
/m/02ph8s8	"KSUI"@en	"/wikipedia/en_title/KSUI"
/m/02phcr4	"Atrai Upazila"@en	"/wikipedia/en_title/Atrai_Upazila"
/m/02phmg1	"Wei Zi"@en	"/wikipedia/en_title/Wei_Zi"
/m/02phpm4	"Jesus Freak Hideout"@en	"/wikipedia/en_title/Jesus_Freak_Hideout"
/m/02pj4_p	"Vrye Weekblad"@en	"/wikipedia/en_title/Vrye_Weekblad"
/m/02pj52f	"Gwalior Airport"@en	"/wikipedia/en_title/Gwalior_Airport"
/m/02pj8ln	"Warwick Braithwaite"@en	"/wikipedia/en_title/Warwick_Braithwaite"
/m/02pjc9r	"Hugo of Moncada"@en	"/wikipedia/en_title/Hugo_of_Moncada"
/m/02pjgzz	"Bolków"@en	"/wikipedia/en_title/Bolk$00F3w"
/m/02pjmdc	"Uncle Henry's Playhouse"@en	"/wikipedia/en_title/Uncle_Henry$0027s_Playhouse"
/m/02pjmjv	"Alfredo F. Mayo"@en	"/wikipedia/en_title/Alfredo_F$002E_Mayo"
/m/02pjpvt	"Ipswich Road, Brisbane"@en	"/wikipedia/en_title/Ipswich_Road$002C_Brisbane"
/m/02pjq2q	"Brian Allsop"@en	"/wikipedia/en_title/Brian_Allsop"
/m/02pjwpk	"Shizuo Takada"@en	"/wikipedia/en_title/Shizuo_Takada"
/m/02pjyqq	"Ibrahim Youssef Al-Doy"@en	"/wikipedia/en_title/Ibrahim_Youssef_Al-Doy"
/m/02pjzyl	"Jerry Winsett"@en	"/wikipedia/en_title/Jerry_Winsett"
/m/02pk0_z	"Jonathan O. Moseley"@en	"/wikipedia/en_title/Jonathan_O$002E_Moseley"
/m/02pk2cz	"Lutyens' Delhi"@en	"/wikipedia/en_title/Lutyens$0027_Delhi"
/m/02pk2jf	"Mika Kamita"@en	"/wikipedia/en_title/Mika_Kamita"
/m/02pk5zs	"Louis Verneuil"@en	"/wikipedia/en_title/Louis_Verneuil"
/m/02pkj78	"Felling Metro station"@en	"/wikipedia/en_title/Felling_Metro_station"
/m/02pkl17	"Donjon de Maurepas"@en	"/wikipedia/en_title/Donjon_de_Maurepas"
/m/02pkm17	"Sidekick"@en	"/wikipedia/en_title/Sidekick_$0028film$0029"
/m/02pkpr	"The Greatest American Hero"@en	"/wikipedia/en_title/The_Greatest_American_Hero"
/m/02pky_n	"120th Fighter Wing"@en	"/wikipedia/en_title/120th_Fighter_Wing"
/m/02pl121	"Homa Darabi"@en	"/wikipedia/en_title/Homa_Darabi"
/m/02pl1t3	"Harsin"@en	"/wikipedia/en_title/Harsin"
/m/02pl8vv	"Hot Summer in the City"@en	"/wikipedia/en_title/Hot_Summer_in_the_City"
/m/02plmtq	"Paweł Małaszyński"@en	"/wikipedia/en_title/Pawe$0142_Ma$0142aszy$0144ski"
/m/02plsh	"Fukube"@en	"/wikipedia/en_title/Fukube$002C_Tottori"
/m/02plsjm	"Kashal-Tee"@en	"/wikipedia/en_title/Kashal-Tee"
/m/02pm4ff	"Darbhanga, Allahabad"@en	"/wikipedia/en_title/Darbhanga$002C_Allahabad"
/m/02pm_w4	"Abraham Jacob van Imbijze van Batenburg"@en	"/wikipedia/en_title/Abraham_Jacob_van_Imbijze_van_Batenburg"
/m/02pmfn_	"Marvin's Maze"@en	"/wikipedia/en_title/Marvin$0027s_Maze"
/m/02pmvv3	"Cronulla-Caringbah Junior Rugby League Football Club"@en	"/wikipedia/en_title/Cronulla-Caringbah_Junior_Rugby_League_Football_Club"
/m/02pn3gq	"Boukary Dramé"@en	"/wikipedia/en_title/Boukary_Dram$00E9"
/m/02pnmwc	"Today's Golfer"@en	"/wikipedia/en_title/Today$0027s_Golfer"
/m/02pp0f8	"Lynnewood Hall"@en	"/wikipedia/en_title/Lynnewood_Hall"
/m/02ppb8q	"Josef Balabán"@en	"/wikipedia/en_title/Josef_Balab$00E1n"
/m/02ppf_p	"William Weston Young"@en	"/wikipedia/en_title/William_Weston_Young"
/m/02ppkvs	"Karaga District"@en	"/wikipedia/en_title/Karaga_District"
/m/02pppk1	"City Water, Light & Power"@en	"/wikipedia/en_title/City_Water$002C_Light_$0026_Power"
/m/02ppvct	"Philip Watts"@en	"/wikipedia/en_title/Philip_Watts_$0028naval_architect$0029"
/m/02ppvkn	"Harry Hardy"@en	"/wikipedia/en_title/Harry_Hardy"
/m/02ppy66	"Rosalie (Ricky) Gaull Silberman"@en	"/wikipedia/en_title/Rosalie_$0028Ricky$0029_Gaull_Silberman"
/m/02pqbv0	"Colleen Patrick-Goudreau"@en	"/wikipedia/en_title/Colleen_Patrick-Goudreau"
/m/02pqhb3	"John McQuillan"@en	"/wikipedia/en_title/John_McQuillan"
/m/02pqlf5	"Country Hall Ethias Liège"@en	"/wikipedia/en_title/Country_Hall_Ethias_Li$00E8ge"
/m/02pqr1r	"Teruo Ishii"@en	"/wikipedia/en_title/Teruo_Ishii"
/m/02pqy2m	"Centralia, Washington"@en	"/wikipedia/en_title/Centralia$002C_Washington_$0028Amtrak_station$0029"
/m/02pqybw	"Unity Township"@en	"/wikipedia/en_title/Unity_Township$002C_Piatt_County$002C_Illinois"
/m/02pr4py	"KBOI"@en	"/wikipedia/en_title/KBOI_$0028AM$0029"
/m/02pr9z5	"John Kringen"@en	"/wikipedia/en_title/John_Kringen"
/m/02ps4yh	"Lockhart River Airport"@en	"/wikipedia/en_title/Lockhart_River_Airport"
/m/02ps62d	"Allan La Fontaine"@en	"/wikipedia/en_title/Allan_La_Fontaine"
/m/02ps6yy	"St Bartholomew's Church, Brighton"@en	"/wikipedia/en_title/St_Bartholomew$0027s_Church$002C_Brighton"
